"date","time","dow","doy","event","respiratory","PM25_total","PM25_smk","PM25_nonsmk","Tmean","RH","Prcp"
2011-01-01,1,"7",1,0,85,9.53411811351692,0,9.53411811351692,9.6444444444445,76.6462962962963,4.75555555555556
2011-01-02,2,"1",2,0,87,8.23513395023527,0,8.23513395023527,9.2203703703704,82.4611111111111,13.0074074074074
2011-01-03,3,"2",3,0,80,11.6471930276257,0,11.6471930276257,9.63333333333333,77.4166666666667,0
2011-01-04,4,"3",4,0,61,12.1150919074102,0,12.1150919074102,8.75,75.8592592592593,0
2011-01-05,5,"4",5,0,51,12.9918098364187,0,12.9918098364187,8.62592592592591,74.9962962962963,0
2011-01-06,6,"5",6,0,74,16.793832059353,0,16.793832059353,8.57592592592596,72.212962962963,0
2011-01-07,7,"6",7,0,76,18.2740484135089,0,18.2740484135089,7.72592592592594,78.6425925925926,0
2011-01-08,8,"7",8,0,80,15.4918400786096,0,15.4918400786096,8.40925925925927,80.1240740740741,0
2011-01-09,9,"1",9,0,83,9.52510065569096,0,9.52510065569096,7.70000000000005,77.3796296296296,0
2011-01-10,10,"2",10,0,78,11.911443990859,0,11.911443990859,6.57592592592596,65.4518518518519,0
2011-01-11,11,"3",11,0,59,14.7400780349283,0,14.7400780349283,7.52962962962965,63.3962962962963,0.596296296296296
2011-01-12,12,"4",12,0,55,13.0642293879385,0,13.0642293879385,10.2166666666667,76.112962962963,0
2011-01-13,13,"5",13,0,68,13.320858198214,0,13.320858198214,11.3851851851852,78.937037037037,2.4037037037037
2011-01-14,14,"6",14,0,61,18.3721316699559,0,18.3721316699559,11.4055555555556,81.6055555555556,0
2011-01-15,15,"7",15,0,82,19.4298304263905,0,19.4298304263905,12.2592592592593,77.237037037037,0
2011-01-16,16,"1",16,0,95,20.3558041104856,0,20.3558041104856,11.9611111111111,78.6796296296296,0
2011-01-17,17,"2",17,0,99,17.1757677555784,0,17.1757677555784,12.1944444444445,79.1240740740741,0
2011-01-18,18,"3",18,0,86,14.0411292469315,0,14.0411292469315,10.0518518518519,79.3796296296296,0
2011-01-19,19,"4",19,0,79,10.7071971006403,0,10.7071971006403,11.0500000000001,78.4888888888889,0
2011-01-20,20,"5",20,0,73,10.6575086051306,0,10.6575086051306,11.0944444444444,70.0555555555556,0
2011-01-21,21,"6",21,0,69,19.6061725919875,0,19.6061725919875,10.9722222222223,70.7388888888889,0
2011-01-22,22,"7",22,0,85,18.364182847534,0,18.364182847534,11.4185185185186,76.6333333333333,0
2011-01-23,23,"1",23,0,94,13.4183176231231,0,13.4183176231231,12.2666666666667,66.0888888888889,0
2011-01-24,24,"2",24,0,81,20.9557926846877,0,20.9557926846877,11.5537037037037,61.7314814814815,0
2011-01-25,25,"3",25,0,83,20.3308291785041,0,20.3308291785041,11.6166666666667,74.5759259259259,0
2011-01-26,26,"4",26,0,76,16.1516013920742,0,16.1516013920742,11.9092592592593,70.8,0
2011-01-27,27,"5",27,0,73,17.1552446102352,0,17.1552446102352,11.8240740740741,68.2685185185185,0
2011-01-28,28,"6",28,0,81,22.1690340998744,0,22.1690340998744,10.2240740740741,75.7944444444445,0
2011-01-29,29,"7",29,0,90,11.6122101359114,0,11.6122101359114,9.69814814814816,79.7148148148148,0.507407407407407
2011-01-30,30,"1",30,0,84,4.9621251015768,0,4.9621251015768,10.5833333333334,82.4796296296296,10.962962962963
2011-01-31,31,"2",31,0,77,12.1610084908748,0,12.1610084908748,11.075925925926,73.45,0
2011-02-01,32,"3",32,0,73,8.62276005100996,0,8.62276005100996,11.4407407407408,75.6888888888889,0
2011-02-02,33,"4",33,0,81,6.67076747231367,0,6.67076747231367,11.75,55.2685185185185,0
2011-02-03,34,"5",34,0,68,13.1984896965698,0,13.1984896965698,11.7759259259259,57.1944444444444,0
2011-02-04,35,"6",35,0,76,18.6347007872613,0,18.6347007872613,11.7592592592592,69.0777777777778,0
2011-02-05,36,"7",36,0,86,11.3850353282298,0,11.3850353282298,13.7203703703704,69.6518518518519,0
2011-02-06,37,"1",37,0,113,6.46608031288792,0,6.46608031288792,15.0148148148148,66.0592592592593,0
2011-02-07,38,"2",38,0,80,13.173318796788,0,13.173318796788,13.6425925925926,70.9759259259259,0
2011-02-08,39,"3",39,0,69,6.0717719372119,0,6.0717719372119,12.062962962963,65.9703703703704,0
2011-02-09,40,"4",40,0,82,6.85657748143984,0,6.85657748143984,11.1518518518519,54.6740740740741,0
2011-02-10,41,"5",41,0,64,9.51466734982974,0,9.51466734982974,11.0407407407408,58.7277777777778,0
2011-02-11,42,"6",42,0,67,15.9715201118493,0,15.9715201118493,11.9407407407408,61.8055555555556,0
2011-02-12,43,"7",43,0,83,15.8550482978079,0,15.8550482978079,12.1796296296296,68.6333333333333,0
2011-02-13,44,"1",44,0,99,15.9768816654202,0,15.9768816654202,10.112962962963,77.0888888888889,0
2011-02-14,45,"2",45,0,67,5.43730930104994,0,5.43730930104994,11.0851851851852,77.8888888888889,3.64444444444444
2011-02-15,46,"3",46,0,70,6.0319283304222,0,6.0319283304222,12.6,78.812962962963,2.31481481481481
2011-02-16,47,"4",47,0,71,4.3286404918536,0,4.3286404918536,10.5296296296297,77.7537037037037,18.8407407407407
2011-02-17,48,"5",48,0,70,4.1018186554121,0,4.1018186554121,9.79444444444448,75.65,23.6666666666667
2011-02-18,49,"6",49,0,91,5.35297292970668,0,5.35297292970668,8.93703703703704,76.2703703703704,11.6962962962963
2011-02-19,50,"7",50,0,85,4.48685095219268,0,4.48685095219268,8.63703703703709,74.312962962963,21.4481481481481
2011-02-20,51,"1",51,0,111,6.63430013710116,0,6.63430013710116,9.31296296296301,68.2333333333333,0
2011-02-21,52,"2",52,0,98,7.78403348495251,0,7.78403348495251,9.21851851851852,69.9574074074074,0
2011-02-22,53,"3",53,0,84,5.51105568127131,0,5.51105568127131,10.1981481481482,63.7148148148148,0
2011-02-23,54,"4",54,0,80,6.22964406285807,0,6.22964406285807,10.112962962963,73.5148148148148,0
2011-02-24,55,"5",55,0,78,5.05809261145514,0,5.05809261145514,9.40740740740745,74.4018518518519,4.53333333333333
2011-02-25,56,"6",56,0,81,4.48049632836003,0,4.48049632836003,9.01666666666665,80.3425925925926,18.9185185185185
2011-02-26,57,"7",57,0,63,6.67354349352167,0,6.67354349352167,7.62037037037044,62.2425925925926,0
2011-02-27,58,"1",58,0,86,6.98725452954287,0,6.98725452954287,9.17777777777781,56.8740740740741,0
2011-02-28,59,"2",59,0,70,7.59140468773845,0,7.59140468773845,10.0666666666667,67.1388888888889,0
2011-03-01,60,"3",60,0,78,6.93993107039625,0,6.93993107039625,10.6925925925926,69.0481481481482,0
2011-03-02,61,"4",61,0,74,5.20028881244678,0,5.20028881244678,12.2333333333333,75.2555555555556,7.48518518518519
2011-03-03,62,"5",62,0,82,6.11295001719652,0,6.11295001719652,12.3870370370371,76.4685185185185,0
2011-03-04,63,"6",63,0,80,7.7900450527206,0,7.7900450527206,12.0537037037037,73.0888888888889,0
2011-03-05,64,"7",64,0,87,7.13722506402935,0,7.13722506402935,12.962962962963,70.8296296296296,0
2011-03-06,65,"1",65,0,72,4.74888775872089,0,4.74888775872089,13.2148148148149,78.0092592592593,12.0703703703704
2011-03-07,66,"2",66,0,79,5.11894066073667,0,5.11894066073667,12.0962962962963,74.4166666666667,1.17407407407407
2011-03-08,67,"3",67,0,79,5.74082958159709,0,5.74082958159709,12.5981481481482,73.7981481481482,0.666666666666667
2011-03-09,68,"4",68,0,78,8.05377879596119,0,8.05377879596119,13.262962962963,74.1925925925926,0
2011-03-10,69,"5",69,0,78,6.4439043068386,0,6.4439043068386,12.5962962962963,77.1444444444444,0.362962962962963
2011-03-11,70,"6",70,0,68,6.12173777590646,0,6.12173777590646,11.6925925925926,76.337037037037,0
2011-03-12,71,"7",71,0,65,6.32432901012822,0,6.32432901012822,11.6777777777778,72.5018518518519,0
2011-03-13,72,"1",72,0,61,5.79246573226107,0,5.79246573226107,12.4518518518519,74.5888888888889,3.35185185185185
2011-03-14,73,"2",73,0,72,5.07272394795387,0,5.07272394795387,13.9685185185185,76.5240740740741,4.75185185185185
2011-03-15,74,"3",74,0,74,5.33727928833668,0,5.33727928833668,14.0148148148148,77.8925925925926,5.25555555555556
2011-03-16,75,"4",75,0,58,4.80249842998834,0,4.80249842998834,12.5444444444445,79.5222222222222,6.15555555555556
2011-03-17,76,"5",76,0,64,7.20502814575833,0,7.20502814575833,11.5851851851852,68.6277777777778,0
2011-03-18,77,"6",77,0,45,5.61338601270937,0,5.61338601270937,11.0277777777778,77.6074074074074,20.2962962962963
2011-03-19,78,"7",78,0,59,4.70993350525818,0,4.70993350525818,10.1777777777778,72.1944444444445,15.2148148148148
2011-03-20,79,"1",79,0,68,4.54638945561811,0,4.54638945561811,11.3574074074074,73.4407407407408,18.0444444444444
2011-03-21,80,"2",80,0,97,5.88384973885232,0,5.88384973885232,10.9611111111111,68.5537037037037,0.574074074074074
2011-03-22,81,"3",81,0,64,4.08637518012906,0,4.08637518012906,11.0814814814815,66.2537037037037,2.65555555555556
2011-03-23,82,"4",82,0,56,4.45025841321315,0,4.45025841321315,11.8944444444445,75.0296296296296,14.3666666666667
2011-03-24,83,"5",83,0,53,4.56554303183282,0,4.56554303183282,11.1703703703704,74.8759259259259,40.6074074074074
2011-03-25,84,"6",84,0,68,4.91851453032683,0,4.91851453032683,11.4537037037038,69.1796296296296,2.86666666666667
2011-03-26,85,"7",85,0,82,4.87027096120884,0,4.87027096120884,12.1259259259259,73.7518518518519,18.9296296296296
2011-03-27,86,"1",86,0,75,4.97418204534562,0,4.97418204534562,11.4555555555556,73.3759259259259,1.52592592592593
2011-03-28,87,"2",87,0,53,6.24489970120325,0,6.24489970120325,12.6074074074074,74.3407407407407,0.607407407407408
2011-03-29,88,"3",88,0,50,6.03755659027475,0,6.03755659027475,12.7370370370371,71.6888888888889,0
2011-03-30,89,"4",89,0,47,7.42404061456295,0,7.42404061456295,14.7037037037037,70.8388888888889,0
2011-03-31,90,"5",90,0,51,9.38204004967449,0,9.38204004967449,16.4111111111112,67.4981481481482,0
2011-04-01,91,"6",91,0,57,10.5435144956744,0,10.5435144956744,16.3314814814815,69.3407407407407,0
2011-04-02,92,"7",92,0,51,8.32026714859434,0,8.32026714859434,14.3314814814815,75.3388888888889,0
2011-04-03,93,"1",93,0,58,7.26997820955989,0,7.26997820955989,13.3296296296297,65.962962962963,0
2011-04-04,94,"2",94,0,48,8.26178193799663,0,8.26178193799663,14.5722222222223,65.2777777777778,0
2011-04-05,95,"3",95,0,74,9.88150500360488,0,9.88150500360488,14.2425925925926,72.8925925925926,0
2011-04-06,96,"4",96,0,57,8.72251076282071,0,8.72251076282071,13.5666666666667,71.4314814814815,0
2011-04-07,97,"5",97,0,58,5.63710961756005,0,5.63710961756005,10.7518518518519,70.9166666666667,1.07037037037037
2011-04-08,98,"6",98,0,58,5.5431916719087,0,5.5431916719087,10.937037037037,61.9907407407407,0
2011-04-09,99,"7",99,0,75,7.41207955546433,0,7.41207955546433,12.0203703703704,67.7944444444445,0
2011-04-10,100,"1",100,0,70,6.01675592823745,0,6.01675592823745,11.6981481481482,70.3518518518518,0
2011-04-11,101,"2",101,0,81,6.60836133637518,0,6.60836133637518,11.7925925925927,71.7759259259259,0
2011-04-12,102,"3",102,0,44,6.70594465049659,0,6.70594465049659,11.7240740740741,71.1296296296296,0
2011-04-13,103,"4",103,0,63,6.86414796735896,0,6.86414796735896,11.2796296296297,70.3148148148148,3.64444444444444
2011-04-14,104,"5",104,0,49,6.78341957889791,0,6.78341957889791,11.9944444444445,67.2648148148148,0
2011-04-15,105,"6",105,0,69,9.03944615180594,0,9.03944615180594,13.6462962962963,67.3092592592593,0
2011-04-16,106,"7",106,0,41,7.74670541540982,0,7.74670541540982,14.0240740740741,74.0722222222222,0
2011-04-17,107,"1",107,0,65,7.47391975268304,0,7.47391975268304,14.062962962963,77.4277777777778,0
2011-04-18,108,"2",108,0,60,4.92780737224353,0,4.92780737224353,13.6888888888889,78.0592592592593,0.651851851851852
2011-04-19,109,"3",109,0,41,6.55562286550217,0,6.55562286550217,14.1222222222223,75.712962962963,0
2011-04-20,110,"4",110,0,57,5.96194134593412,0,5.96194134593412,12.825925925926,74.8777777777778,0.348148148148148
2011-04-21,111,"5",111,0,60,5.68694469343624,0,5.68694469343624,13.9351851851852,73.3814814814815,2.58888888888889
2011-04-22,112,"6",112,0,48,7.78877042809016,0,7.78877042809016,12.3537037037037,73.6981481481481,0
2011-04-23,113,"7",113,0,56,7.23500306058887,0,7.23500306058887,11.8648148148148,73.3277777777778,0.537037037037037
2011-04-24,114,"1",114,0,68,5.55985168746275,0,5.55985168746275,13.8481481481482,75.6888888888889,1.07777777777778
2011-04-25,115,"2",115,0,60,5.36209403787866,0,5.36209403787866,13.5574074074074,75.8166666666667,3.16296296296296
2011-04-26,116,"3",116,0,46,6.73931240360224,0,6.73931240360224,12.8870370370371,72.362962962963,0
2011-04-27,117,"4",117,0,45,7.8311528985335,0,7.8311528985335,12.9444444444445,68.6981481481481,0
2011-04-28,118,"5",118,0,54,7.02249863430571,0,7.02249863430571,13.0351851851852,70.6018518518519,0
2011-04-29,119,"6",119,0,50,6.23082249294319,0,6.23082249294319,12.8833333333333,63.5388888888889,0
2011-04-30,120,"7",120,0,54,6.53785687863319,0,6.53785687863319,13.8944444444445,61.3018518518519,0
2011-05-01,121,"1",121,0,62,8.87630263817967,0,8.87630263817967,14.3314814814815,63.6907407407407,0
2011-05-02,122,"2",122,0,63,10.8201447272291,0,10.8201447272291,14.1111111111111,68.8648148148148,0
2011-05-03,123,"3",123,0,54,7.85372754136574,0,7.85372754136574,13.838888888889,71.4055555555556,0
2011-05-04,124,"4",124,0,53,10.2143663007635,0,10.2143663007635,15.7944444444445,65.9462962962963,0
2011-05-05,125,"5",125,0,39,12.6570389447074,0,12.6570389447074,14.7777777777778,71.0740740740741,0
2011-05-06,126,"6",126,0,67,9.73349883134395,0,9.73349883134395,13.6333333333333,74.7296296296296,0
2011-05-07,127,"7",127,0,62,8.14718946548476,0,8.14718946548476,13.1648148148148,75.1148148148148,0
2011-05-08,128,"1",128,0,57,5.70812068690112,0,5.70812068690112,12.6148148148148,76.0796296296296,0
2011-05-09,129,"2",129,0,47,6.20516750716147,0,6.20516750716147,13.3666666666667,69.9055555555556,0
2011-05-10,130,"3",130,0,54,10.5720551223084,0,10.5720551223084,13.3296296296297,72.6240740740741,0
2011-05-11,131,"4",131,0,50,8.03389636948138,0,8.03389636948138,12.8240740740741,75.7925925925926,0
2011-05-12,132,"5",132,0,45,7.62864724569965,0,7.62864724569965,13.6962962962963,73.5055555555556,0
2011-05-13,133,"6",133,0,43,10.0396991358404,0,10.0396991358404,13.0796296296296,73.7648148148148,0
2011-05-14,134,"7",134,0,49,6.86215841224645,0,6.86215841224645,12.9462962962963,71.0722222222222,0
2011-05-15,135,"1",135,0,38,4.18653860816656,0,4.18653860816656,11.6222222222223,72.8703703703704,6.38148148148148
2011-05-16,136,"2",136,0,61,4.51159003675105,0,4.51159003675105,12.0222222222222,67.3203703703704,4.0037037037037
2011-05-17,137,"3",137,0,56,4.80644819903152,0,4.80644819903152,12.3925925925926,78.2648148148148,5.08518518518519
2011-05-18,138,"4",138,0,54,6.21129278852553,0,6.21129278852553,13.8148148148148,72.3166666666667,1.10740740740741
2011-05-19,139,"5",139,0,49,10.4437502159444,0.848522305393909,9.59522791055053,14.0018518518519,73.8555555555556,0
2011-05-20,140,"6",140,0,56,9.45468653232415,0,9.45468653232415,13.8444444444444,74.7574074074074,0
2011-05-21,141,"7",141,0,66,8.74794156658417,0,8.74794156658417,14.0296296296297,73.9185185185185,0
2011-05-22,142,"1",142,0,72,7.39887950416074,0,7.39887950416074,13.5648148148148,75.1962962962963,0
2011-05-23,143,"2",143,0,60,8.27934700744705,0,8.27934700744705,13.7648148148148,71.6740740740741,0
2011-05-24,144,"3",144,0,49,6.40040596440173,0,6.40040596440173,13.6888888888889,72.387037037037,0
2011-05-25,145,"4",145,0,34,5.35165743899944,0,5.35165743899944,12.8462962962964,75.1462962962963,2.73333333333333
2011-05-26,146,"5",146,0,51,6.0798953516484,0,6.0798953516484,13.2555555555556,72.6814814814815,0
2011-05-27,147,"6",147,0,43,5.89696920867647,0,5.89696920867647,13.562962962963,73.587037037037,0
2011-05-28,148,"7",148,0,48,6.49425769444239,0,6.49425769444239,13.5351851851852,73.1555555555556,3.92222222222222
2011-05-29,149,"1",149,0,55,7.12843634054093,0,7.12843634054093,13.3240740740741,69.087037037037,0
2011-05-30,150,"2",150,0,64,6.75125627278691,0,6.75125627278691,13.35,72.2851851851852,0
2011-05-31,151,"3",151,0,45,4.55782125698415,0,4.55782125698415,12.9333333333333,74.9925925925926,3.7037037037037
2011-06-01,152,"4",152,0,51,4.51435497192228,0,4.51435497192228,12.4481481481482,74.8166666666667,3.32592592592593
2011-06-02,153,"5",153,0,36,4.54510571183306,0,4.54510571183306,13.3018518518519,72.1518518518519,0
2011-06-03,154,"6",154,0,49,6.37000296805788,0,6.37000296805788,12.8888888888889,77.0555555555556,0.207407407407407
2011-06-04,155,"7",155,0,51,5.86001988713273,0,5.86001988713273,14.2444444444445,78.1944444444445,28.1703703703704
2011-06-05,156,"1",156,0,62,4.76317361837456,0,4.76317361837456,15.0796296296296,74.4462962962963,0.714814814814815
2011-06-06,157,"2",157,0,46,5.12895502318868,0,5.12895502318868,14.1555555555556,78.8814814814815,0.0333333333333333
2011-06-07,158,"3",158,0,52,5.70389546033833,0,5.70389546033833,14.3685185185186,76.9537037037037,0
2011-06-08,159,"4",159,0,45,8.38123867594876,0,8.38123867594876,14.4666666666667,76.4740740740741,0
2011-06-09,160,"5",160,0,47,8.89220735752072,0,8.89220735752072,14.9351851851852,75.6148148148148,0
2011-06-10,161,"6",161,0,40,8.22173463331985,0,8.22173463331985,14.9666666666667,75.6388888888889,0
2011-06-11,162,"7",162,0,41,7.98613589426186,0,7.98613589426186,14.2870370370371,76.8925925925926,0
2011-06-12,163,"1",163,0,40,7.37652266570728,0,7.37652266570728,14.8388888888889,75.187037037037,0
2011-06-13,164,"2",164,0,46,7.4799186253236,0,7.4799186253236,15.8870370370371,74.9425925925926,0
2011-06-14,165,"3",165,0,37,9.59219862678866,0,9.59219862678866,15.8000000000001,77.0481481481482,0
2011-06-15,166,"4",166,0,51,12.2831428605764,0,12.2831428605764,16.1277777777778,73.987037037037,0
2011-06-16,167,"5",167,0,35,12.8930087343949,0,12.8930087343949,15.3203703703704,74.9259259259259,0
2011-06-17,168,"6",168,0,33,11.2318215234468,0,11.2318215234468,14.8185185185185,75.2092592592593,0
2011-06-18,169,"7",169,0,52,7.27221083519403,0,7.27221083519403,15.1074074074074,75.3481481481481,0
2011-06-19,170,"1",170,0,36,7.61675690759816,0,7.61675690759816,16.4222222222222,72.1703703703704,0
2011-06-20,171,"2",171,0,36,7.88890049878477,0,7.88890049878477,17.4611111111111,68.3018518518519,0
2011-06-21,172,"3",172,0,50,10.3352990246179,0,10.3352990246179,17.4074074074074,71.5962962962963,0
2011-06-22,173,"4",173,0,47,8.6456545525705,0,8.6456545525705,16.1907407407408,74.8740740740741,0
2011-06-23,174,"5",174,0,34,9.43418606192341,0,9.43418606192341,15.0703703703704,75.8703703703704,0
2011-06-24,175,"6",175,0,39,9.74297849527705,0,9.74297849527705,14.6314814814815,74.312962962963,0
2011-06-25,176,"7",176,0,38,8.82054092523989,0,8.82054092523989,14.812962962963,74.6592592592593,0
2011-06-26,177,"1",177,0,41,9.88614375092966,0,9.88614375092966,14.7925925925927,74.637037037037,0
2011-06-27,178,"2",178,0,47,8.50183061597458,0,8.50183061597458,14.6814814814815,75.0203703703704,0
2011-06-28,179,"3",179,0,39,6.76797055185902,0,6.76797055185902,13.9722222222223,79.2833333333333,18.8925925925926
2011-06-29,180,"4",180,0,46,4.70925959572548,0,4.70925959572548,14.8574074074074,76.5611111111111,0.0666666666666667
2011-06-30,181,"5",181,0,32,5.89392108254823,0,5.89392108254823,14.4888888888889,79.4833333333333,0
2011-07-01,182,"6",182,0,35,6.53291077052783,0,6.53291077052783,15.2185185185185,76.4037037037037,0
2011-07-02,183,"7",183,0,30,10.2340760645566,0,10.2340760645566,15.8148148148148,79.1074074074074,0
2011-07-03,184,"1",184,0,42,9.22047409344566,0,9.22047409344566,16.4722222222223,77.4092592592593,0
2011-07-04,185,"2",185,0,39,10.9474454828374,0,10.9474454828374,16.1851851851852,78.2518518518519,0
2011-07-05,186,"3",186,0,50,10.0868487079085,0,10.0868487079085,16.0851851851852,78.5074074074074,0
2011-07-06,187,"4",187,0,37,9.08664792218581,0,9.08664792218581,15.9333333333334,79.15,0
2011-07-07,188,"5",188,0,41,7.14807637304623,0,7.14807637304623,15.6055555555556,80.3037037037037,0
2011-07-08,189,"6",189,0,28,9.43901597740659,0,9.43901597740659,15.7277777777778,80.4611111111111,0
2011-07-09,190,"7",190,0,46,8.13166142355303,0,8.13166142355303,14.7685185185186,81.387037037037,0
2011-07-10,191,"1",191,0,40,6.72489139002622,0,6.72489139002622,14.6296296296297,80.4833333333333,0
2011-07-11,192,"2",192,0,45,5.75145479113141,0,5.75145479113141,14.4481481481482,81.5,0
2011-07-12,193,"3",193,0,38,5.65019608049964,0,5.65019608049964,14.4685185185185,80.7037037037037,0
2011-07-13,194,"4",194,0,30,5.48683596119118,0,5.48683596119118,14.6074074074074,82.2777777777778,0
2011-07-14,195,"5",195,0,43,6.31048218036081,0.17986444790536,6.13061773245545,14.3351851851852,80.6685185185185,0
2011-07-15,196,"6",196,0,44,5.7816773096468,0,5.7816773096468,14.5148148148148,80.2907407407407,0
2011-07-16,197,"7",197,0,33,5.43095163617176,0,5.43095163617176,14.9314814814815,80.3277777777778,0
2011-07-17,198,"1",198,0,31,4.21457288066071,0,4.21457288066071,15.175925925926,82.0277777777778,0
2011-07-18,199,"2",199,0,33,6.17780374763173,0,6.17780374763173,15.1444444444445,77.4074074074074,0
2011-07-19,200,"3",200,0,33,5.93278294864563,0,5.93278294864563,16.3574074074074,77.8814814814815,0
2011-07-20,201,"4",201,0,30,8.30868515224964,0,8.30868515224964,16.2259259259259,78.4259259259259,0
2011-07-21,202,"5",202,0,32,8.1317479337219,0.841849151393209,7.28989878232869,16.0500000000001,77.9777777777778,0
2011-07-22,203,"6",203,0,35,7.76302117377953,0,7.76302117377953,16.1518518518519,79.0444444444445,0
2011-07-23,204,"7",204,0,41,5.9096330935166,0.31659173801119,5.59304135550541,15.9518518518519,79.7074074074074,0
2011-07-24,205,"1",205,0,34,5.86755610602616,0,5.86755610602616,16.0407407407407,77.9722222222222,0
2011-07-25,206,"2",206,0,34,6.50905905050452,0,6.50905905050452,15.8055555555556,78.3740740740741,0
2011-07-26,207,"3",207,0,37,6.37177120662322,0,6.37177120662322,16.1444444444445,78.5055555555556,0
2011-07-27,208,"4",208,0,39,9.08588324065407,0,9.08588324065407,16.2574074074074,78.4074074074074,0
2011-07-28,209,"5",209,0,36,8.23358863406283,0,8.23358863406283,16.5018518518518,76.1685185185185,0
2011-07-29,210,"6",210,0,43,7.01563020882963,0,7.01563020882963,16.125925925926,77.0166666666667,0
2011-07-30,211,"7",211,0,34,6.24911840720064,0,6.24911840720064,16.1592592592593,77.9537037037037,0
2011-07-31,212,"1",212,0,29,5.58941198544113,0,5.58941198544113,15.7685185185186,79.2462962962963,0
2011-08-01,213,"2",213,0,33,6.68191740993276,0,6.68191740993276,15.4574074074075,79.5555555555556,0
2011-08-02,214,"3",214,0,33,6.56237160328154,0,6.56237160328154,15.5037037037038,76.7962962962963,0
2011-08-03,215,"4",215,0,31,6.53581738879611,0,6.53581738879611,15.8222222222223,76.0462962962963,0
2011-08-04,216,"5",216,0,27,5.34101145068119,0,5.34101145068119,15.6703703703704,79.1203703703704,0
2011-08-05,217,"6",217,0,38,5.55408031039445,0,5.55408031039445,15.9444444444445,78.1592592592593,0
2011-08-06,218,"7",218,0,31,6.06727459376071,0,6.06727459376071,15.9111111111112,78.1481481481482,0
2011-08-07,219,"1",219,0,46,5.45622146528863,0,5.45622146528863,15.9351851851852,77.75,0
2011-08-08,220,"2",220,0,40,6.30739897375549,0,6.30739897375549,15.8944444444444,77.1481481481482,0
2011-08-09,221,"3",221,0,36,6.59227716634142,0,6.59227716634142,15.8796296296297,76.3537037037037,0
2011-08-10,222,"4",222,0,35,8.13947022869643,0,8.13947022869643,15.8462962962963,76.35,0
2011-08-11,223,"5",223,0,35,6.27388670981823,0,6.27388670981823,15.9814814814815,76.4074074074074,0
2011-08-12,224,"6",224,0,40,7.0976514697567,0,7.0976514697567,15.8574074074074,77.5740740740741,0
2011-08-13,225,"7",225,0,37,7.93438360025973,0.475878056417315,7.45850554384241,16.5925925925926,74.3259259259259,0
2011-08-14,226,"1",226,0,46,6.97262677261898,0.0862562963232029,6.88637047629577,15.7074074074075,76.8444444444444,0
2011-08-15,227,"2",227,0,44,8.15146489516147,0,8.15146489516147,16.2666666666667,77.0907407407407,0
2011-08-16,228,"3",228,0,35,6.12227801694641,0,6.12227801694641,16.0351851851852,77.712962962963,0
2011-08-17,229,"4",229,0,38,6.83208208284398,0,6.83208208284398,15.65,76.5185185185185,0
2011-08-18,230,"5",230,0,42,6.87354121924157,0,6.87354121924157,15.8722222222223,74.9166666666667,0
2011-08-19,231,"6",231,0,42,6.20794134084676,0,6.20794134084676,15.1574074074074,77.7722222222222,0
2011-08-20,232,"7",232,0,36,5.46420452527936,0,5.46420452527936,14.9444444444445,78.9611111111111,0
2011-08-21,233,"1",233,0,61,5.68604978219273,0,5.68604978219273,15.4425925925926,77.9037037037037,0
2011-08-22,234,"2",234,0,45,6.55093507938312,0,6.55093507938312,16.0703703703704,76.6833333333333,0
2011-08-23,235,"3",235,0,35,8.7436865273784,0,8.7436865273784,17.0203703703704,75.9518518518519,0
2011-08-24,236,"4",236,0,45,8.34317440220051,0,8.34317440220051,17.1296296296297,76.6425925925926,0
2011-08-25,237,"5",237,0,44,6.11629774476864,0,6.11629774476864,16.9574074074074,79.0351851851852,0
2011-08-26,238,"6",238,0,48,6.20035367498543,0,6.20035367498543,16.5981481481482,79.0351851851852,0
2011-08-27,239,"7",239,0,45,6.0413233627706,0.40917865373251,5.63214470903809,16.15,77.412962962963,0
2011-08-28,240,"1",240,0,41,5.97955205519632,0.255618508994796,5.72393354620152,16.4185185185186,75.6,0
2011-08-29,241,"2",241,0,40,7.40182291203162,0,7.40182291203162,16.4166666666667,76.6185185185185,0
2011-08-30,242,"3",242,0,47,6.55196896246837,0,6.55196896246837,16.1462962962963,77.6425925925926,0
2011-08-31,243,"4",243,0,47,6.7846764011878,0,6.7846764011878,16.3666666666667,77.1,0
2011-09-01,244,"5",244,0,41,9.32096012803984,0,9.32096012803984,17.0537037037037,73.537037037037,0
2011-09-02,245,"6",245,0,25,11.441994684239,0,11.441994684239,17.5500000000001,67.1703703703704,0
2011-09-03,246,"7",246,0,31,9.21900410916952,0.397392801411025,8.82161130775849,16.1574074074074,72.1203703703704,0
2011-09-04,247,"1",247,0,53,9.28897558544158,0,9.28897558544158,15.8018518518519,72.7074074074074,0
2011-09-05,248,"2",248,0,46,9.11249124083808,0,9.11249124083808,15.675925925926,72.1592592592593,0
2011-09-06,249,"3",249,0,44,10.4286162171754,0,10.4286162171754,16.2351851851852,69.8,0
2011-09-07,250,"4",250,0,42,9.19039070849424,0,9.19039070849424,17.5351851851852,66.1111111111111,0
2011-09-08,251,"5",251,0,40,9.80176154609031,0,9.80176154609031,16.6314814814815,70.012962962963,0
2011-09-09,252,"6",252,0,38,9.35565837026305,0,9.35565837026305,16.7185185185185,70.8222222222222,0
2011-09-10,253,"7",253,0,40,11.4155288771374,0,11.4155288771374,17.2037037037037,70.8759259259259,0
2011-09-11,254,"1",254,0,41,8.70944161732348,0,8.70944161732348,16.5203703703704,76.3277777777778,0
2011-09-12,255,"2",255,0,44,11.6454912760787,2.72252042660026,8.92297084947843,17.0555555555555,75.1444444444444,0
2011-09-13,256,"3",256,0,55,10.1184332899877,0,10.1184332899877,17.1962962962963,72.8462962962963,0
2011-09-14,257,"4",257,0,42,9.15917490541334,0,9.15917490541334,16.2740740740741,74.6018518518519,0
2011-09-15,258,"5",258,0,46,8.49230300069437,0,8.49230300069437,16.012962962963,74.5592592592593,0
2011-09-16,259,"6",259,0,43,8.43449006873619,0,8.43449006873619,16,74.5351851851852,0
2011-09-17,260,"7",260,0,43,8.50842168404033,0,8.50842168404033,15.837037037037,73.9462962962963,0
2011-09-18,261,"1",261,0,30,8.20293854772082,0,8.20293854772082,17.0814814814815,70,0
2011-09-19,262,"2",262,0,47,10.8790053621513,0,10.8790053621513,18.4481481481482,66.0092592592593,0
2011-09-20,263,"3",263,0,37,11.0909618278596,0,11.0909618278596,18.8962962962963,64.9018518518519,0
2011-09-21,264,"4",264,0,44,10.5291611131312,0,10.5291611131312,17.7777777777778,68.2740740740741,0
2011-09-22,265,"5",265,0,40,9.7963613026756,0,9.7963613026756,17.6944444444445,69.0277777777778,0
2011-09-23,266,"6",266,0,44,9.48388793279589,0,9.48388793279589,18.2425925925926,71.4462962962963,0
2011-09-24,267,"7",267,0,31,7.03159392113895,0,7.03159392113895,17.2351851851852,75.412962962963,0
2011-09-25,268,"1",268,0,30,7.06474860414773,0,7.06474860414773,16.8555555555556,74.8407407407407,0.166666666666667
2011-09-26,269,"2",269,0,38,7.55979913733702,0,7.55979913733702,16.5388888888889,75.5296296296296,0
2011-09-27,270,"3",270,0,39,8.16559647259433,0.0749478253825548,8.09064864721178,17.7685185185185,71.1185185185185,0
2011-09-28,271,"4",271,0,40,10.0742634794309,0,10.0742634794309,19.4296296296296,65.85,0
2011-09-29,272,"5",272,0,41,9.20831622307786,0,9.20831622307786,18.4148148148149,68.8388888888889,0
2011-09-30,273,"6",273,0,39,9.10072025671924,0,9.10072025671924,17.7370370370371,74.9592592592593,0
2011-10-01,274,"7",274,0,42,7.49699334105998,0,7.49699334105998,17.0388888888889,76.8222222222222,0
2011-10-02,275,"1",275,0,44,8.65036041991689,0,8.65036041991689,16.9277777777778,72.2481481481481,0
2011-10-03,276,"2",276,0,42,7.22794009797069,0,7.22794009797069,15.4444444444445,75.2685185185185,4.09259259259259
2011-10-04,277,"3",277,0,34,6.08203831899075,0,6.08203831899075,16.1592592592593,75.737037037037,1.0037037037037
2011-10-05,278,"4",278,0,31,5.75243344303627,0,5.75243344303627,15.3314814814815,76.4722222222222,16.4814814814815
2011-10-06,279,"5",279,0,32,5.40305158102387,0,5.40305158102387,15.2259259259259,70.8444444444444,5.43703703703704
2011-10-07,280,"6",280,0,38,7.74462938679641,0,7.74462938679641,16.062962962963,69.3462962962963,1.22222222222222
2011-10-08,281,"7",281,0,45,7.82393373305507,0,7.82393373305507,16.4314814814815,71.6148148148148,0
2011-10-09,282,"1",282,0,55,6.98015261621119,0,6.98015261621119,16.4907407407408,72.7685185185185,0
2011-10-10,283,"2",283,0,40,5.96080642603817,0,5.96080642603817,16.6611111111112,77.8037037037037,2.47407407407407
2011-10-11,284,"3",284,0,54,8.29394068703945,0,8.29394068703945,18.2407407407408,76.0981481481482,1.11111111111111
2011-10-12,285,"4",285,0,45,8.90277196112827,0,8.90277196112827,17.7314814814815,72.6537037037037,0
2011-10-13,286,"5",286,0,40,12.6492010939684,0,12.6492010939684,18.7,63.8462962962963,0
2011-10-14,287,"6",287,0,60,9.96999287639881,0,9.96999287639881,19.1962962962963,61.6462962962963,0
2011-10-15,288,"7",288,0,52,11.4451257191151,0,11.4451257191151,18.162962962963,67.6037037037037,0
2011-10-16,289,"1",289,0,58,11.2635361707244,0,11.2635361707244,17.9777777777778,73.6537037037037,0
2011-10-17,290,"2",290,0,59,11.494356225029,0,11.494356225029,18.2,71.412962962963,0
2011-10-18,291,"3",291,0,44,12.6533677046605,3.44012126973093,9.21324643492956,18.1574074074074,69.8148148148148,0
2011-10-19,292,"4",292,0,39,7.81571872120538,0,7.81571872120538,17.1740740740741,73.6037037037037,0
2011-10-20,293,"5",293,0,51,8.99743794040461,0,8.99743794040461,16.7240740740741,73.9981481481481,0
2011-10-21,294,"6",294,0,21,8.56533979474695,0,8.56533979474695,16.612962962963,72.8166666666667,0
2011-10-22,295,"7",295,0,48,10.4924644255073,0,10.4924644255073,17.1851851851852,71.137037037037,0
2011-10-23,296,"1",296,0,34,12.2432929582081,2.6265634751828,9.61672948302532,18.8685185185186,64.2037037037037,0
2011-10-24,297,"2",297,0,61,11.3742913118407,0,11.3742913118407,17.4777777777778,71.9481481481481,0
2011-10-25,298,"3",298,0,43,11.2751980525267,0,11.2751980525267,16.0388888888889,72.462962962963,0
2011-10-26,299,"4",299,0,43,9.98707153507619,0,9.98707153507619,15.8,65.7462962962963,0
2011-10-27,300,"5",300,0,42,10.7679631643232,0,10.7679631643232,15.2425925925926,65.8574074074074,0
2011-10-28,301,"6",301,0,41,11.2969286904246,0,11.2969286904246,15.7444444444445,64.1981481481481,0
2011-10-29,302,"7",302,0,45,10.2122988678182,0,10.2122988678182,16.0555555555555,66.6925925925926,0
2011-10-30,303,"1",303,0,60,10.5995428236688,0,10.5995428236688,16.7370370370371,67.5574074074074,0
2011-10-31,304,"2",304,0,57,10.1242287695523,0,10.1242287695523,15.8851851851852,75.1222222222222,0
2011-11-01,305,"3",305,0,41,9.67310908044291,0,9.67310908044291,15.4814814814815,68.6092592592593,0
2011-11-02,306,"4",306,0,49,8.09381623261833,0,8.09381623261833,15.412962962963,45.9018518518519,0
2011-11-03,307,"5",307,0,42,11.8663545792036,0,11.8663545792036,13.2351851851852,63.0425925925926,0.837037037037037
2011-11-04,308,"6",308,0,47,6.13765678756451,0,6.13765678756451,11.8555555555556,62.7592592592593,2.41481481481481
2011-11-05,309,"7",309,0,47,8.1698729290485,0,8.1698729290485,11.3222222222223,69.1,9.91851851851852
2011-11-06,310,"1",310,0,61,5.39327285654417,0,5.39327285654417,12.0240740740741,72.2277777777778,1.72962962962963
2011-11-07,311,"2",311,0,57,7.76165312174816,0,7.76165312174816,12.0537037037037,68.2518518518519,0
2011-11-08,312,"3",312,0,44,11.2439523030227,0,11.2439523030227,11.9148148148149,69.7055555555556,0
2011-11-09,313,"4",313,0,41,14.3282385223628,0,14.3282385223628,12.5203703703704,64.1037037037037,0
2011-11-10,314,"5",314,0,52,12.5223079004017,0,12.5223079004017,13.15,66.75,0
2011-11-11,315,"6",315,0,44,11.9618059364364,0,11.9618059364364,12.9777777777778,70.9611111111111,8.30740740740741
2011-11-12,316,"7",316,0,63,9.37867597543954,0,9.37867597543954,12.8444444444444,73.0462962962963,0
2011-11-13,317,"1",317,0,47,9.81715575495929,0,9.81715575495929,13.1981481481482,73.0981481481482,0
2011-11-14,318,"2",318,0,61,8.20622074425801,0,8.20622074425801,12.5407407407408,74.6944444444445,0
2011-11-15,319,"3",319,0,51,9.50455191156416,0,9.50455191156416,12.6092592592593,73.062962962963,0
2011-11-16,320,"4",320,0,53,11.6482347724093,0,11.6482347724093,12.7166666666667,73.0018518518519,0
2011-11-17,321,"5",321,0,46,11.5738111878164,0,11.5738111878164,12.5703703703704,74.3703703703704,0
2011-11-18,322,"6",322,0,51,6.36789030257952,0,6.36789030257952,11.8296296296297,79.0240740740741,1.24074074074074
2011-11-19,323,"7",323,0,56,7.07637841025848,0,7.07637841025848,10.7407407407408,66.9907407407407,1.78888888888889
2011-11-20,324,"1",324,0,57,4.9797077911749,0,4.9797077911749,10.8574074074074,72.8092592592593,11.9814814814815
2011-11-21,325,"2",325,0,49,10.9327560393519,0,10.9327560393519,11.7981481481481,66.9796296296296,0
2011-11-22,326,"3",326,0,53,11.5738389730103,0,11.5738389730103,12.1037037037037,74.6425925925926,0
2011-11-23,327,"4",327,0,42,8.22447352135086,0,8.22447352135086,13.4925925925926,73.1166666666667,0
2011-11-24,328,"5",328,0,45,7.64084711343783,0,7.64084711343783,12.775925925926,80.5277777777778,4.5962962962963
2011-11-25,329,"6",329,0,62,13.2646964397401,0,13.2646964397401,12.75,71.1111111111111,0.385185185185185
2011-11-26,330,"7",330,0,54,16.8626909076057,0,16.8626909076057,12.2185185185185,74.3888888888889,0
2011-11-27,331,"1",331,0,67,20.2472892737251,0,20.2472892737251,12.9907407407408,69.7666666666667,0
2011-11-28,332,"2",332,0,58,16.4634956532992,0,16.4634956532992,12.1907407407408,74.6518518518519,0
2011-11-29,333,"3",333,0,58,13.9113746276455,0,13.9113746276455,11.5314814814815,75.9759259259259,0
2011-11-30,334,"4",334,0,56,7.9241562047737,0,7.9241562047737,11.3777777777778,74.2796296296296,0
2011-12-01,335,"5",335,0,50,6.11815358988377,0,6.11815358988377,12.6018518518518,57.9259259259259,0
2011-12-02,336,"6",336,0,55,9.22989810798608,0,9.22989810798608,13.112962962963,52.8703703703704,0
2011-12-03,337,"7",337,0,41,6.65427225608573,0,6.65427225608573,12.0796296296297,53.6407407407407,0
2011-12-04,338,"1",338,0,60,18.0512631386152,0,18.0512631386152,11.0296296296297,49.0759259259259,0
2011-12-05,339,"2",339,0,67,15.5932048924006,0,15.5932048924006,10.6962962962963,59.1148148148148,0
2011-12-06,340,"3",340,0,47,18.6617538374728,0,18.6617538374728,9.9240740740741,56.487037037037,0
2011-12-07,341,"4",341,0,34,18.6677712058534,0,18.6677712058534,9.49444444444447,64.3425925925926,0
2011-12-08,342,"5",342,0,48,19.5712605692173,0,19.5712605692173,8.19259259259263,76.1074074074074,0
2011-12-09,343,"6",343,0,49,26.8263613390142,0,26.8263613390142,8.18333333333339,74.7740740740741,0
2011-12-10,344,"7",344,0,67,24.0754550367978,0,24.0754550367978,8.99814814814818,74.1444444444444,0
2011-12-11,345,"1",345,0,62,15.5026703332099,0,15.5026703332099,8.6648148148148,78.8037037037037,0.285185185185185
2011-12-12,346,"2",346,0,64,11.2347591235753,0,11.2347591235753,9.27407407407406,74.5740740740741,0.481481481481482
2011-12-13,347,"3",347,0,57,22.0153012378569,0,22.0153012378569,10.212962962963,69.7944444444445,0
2011-12-14,348,"4",348,0,69,17.104493196908,0,17.104493196908,8.59074074074078,78.7222222222222,0
2011-12-15,349,"5",349,0,50,12.0358865128693,0,12.0358865128693,9.74074074074076,77.5222222222222,2.91111111111111
2011-12-16,350,"6",350,0,50,14.9886274504991,0,14.9886274504991,10.1222222222223,73.637037037037,0
2011-12-17,351,"7",351,0,64,25.0526263574526,0,25.0526263574526,10.3296296296297,69.112962962963,0
2011-12-18,352,"1",352,0,68,20.8537651997897,0,20.8537651997897,7.92592592592598,77.212962962963,0
2011-12-19,353,"2",353,0,58,12.4421080618296,0,12.4421080618296,6.17037037037039,76.2296296296296,0
2011-12-20,354,"3",354,0,58,14.3588984068985,0,14.3588984068985,9.54814814814819,69.3703703703704,0
2011-12-21,355,"4",355,0,54,23.2614731997029,0,23.2614731997029,10.2925925925926,67.062962962963,0
2011-12-22,356,"5",356,0,61,12.0324765253496,0,12.0324765253496,10.4722222222222,54.0333333333333,0
2011-12-23,357,"6",357,0,45,19.9751081622357,0,19.9751081622357,9.40740740740739,45.3444444444444,0
2011-12-24,358,"7",358,0,60,22.7433826863236,0,22.7433826863236,9.02222222222224,53.4055555555556,0
2011-12-25,359,"1",359,0,54,29.6940377112747,0,29.6940377112747,9.03888888888889,59.0333333333333,0
2011-12-26,360,"2",360,0,66,18.8208938789682,0,18.8208938789682,8.65185185185192,75.9740740740741,0
2011-12-27,361,"3",361,0,50,15.6405401202182,0,15.6405401202182,9.21481481481482,75.0537037037037,0
2011-12-28,362,"4",362,0,72,21.6382899275504,0,21.6382899275504,10.7018518518519,74.9092592592593,0
2011-12-29,363,"5",363,0,66,20.6931773863122,0,20.6931773863122,11.9907407407408,78.8148148148148,0
2011-12-30,364,"6",364,0,79,11.9151199242123,0,11.9151199242123,11.5648148148149,83.1314814814815,0.311111111111111
2011-12-31,365,"7",365,0,51,25.4805679920616,0,25.4805679920616,10.2462962962964,77.05,0
2012-01-01,366,"1",1,0,63,20.5371587216341,0,20.5371587216341,11.7981481481481,65.6518518518519,0
2012-01-02,367,"2",2,0,91,16.7828128457272,0,16.7828128457272,11.6018518518518,75.4111111111111,0
2012-01-03,368,"3",3,0,49,20.3155984536544,0,20.3155984536544,10.3462962962964,80.937037037037,0
2012-01-04,369,"4",4,0,62,18.5456493240893,0,18.5456493240893,11.1166666666667,72.1518518518519,0
2012-01-05,370,"5",5,0,59,13.0915746804007,0,13.0915746804007,11.6574074074074,73.9425925925926,0
2012-01-06,371,"6",6,0,43,9.94809922288238,0,9.94809922288238,10.4018518518519,75.412962962963,0
2012-01-07,372,"7",7,0,61,10.3110774657667,0,10.3110774657667,11.0314814814815,72.0055555555556,0
2012-01-08,373,"1",8,0,73,9.67645191095975,0,9.67645191095975,11.9333333333333,61.9185185185185,0
2012-01-09,374,"2",9,0,63,20.7377005448476,0,20.7377005448476,11.187037037037,64.8666666666667,0
2012-01-10,375,"3",10,0,41,21.0847657798884,0,21.0847657798884,10.2981481481481,74.1981481481482,0
2012-01-11,376,"4",11,0,45,21.3553447607884,0,21.3553447607884,9.47222222222229,75.0407407407407,0
2012-01-12,377,"5",12,0,53,17.3635861728937,0,17.3635861728937,10.4666666666667,66.6537037037037,0
2012-01-13,378,"6",13,0,59,22.6730637187859,0,22.6730637187859,11.1314814814815,63.6759259259259,0
2012-01-14,379,"7",14,0,56,23.678677261513,0,23.678677261513,10.9592592592593,65.4518518518519,0
2012-01-15,380,"1",15,0,66,11.9969615088837,0,11.9969615088837,8.74259259259259,77.8055555555556,0
2012-01-16,381,"2",16,0,77,6.30776979054781,0,6.30776979054781,7.19814814814822,62.9777777777778,0
2012-01-17,382,"3",17,0,54,14.749919075115,0,14.749919075115,7.40185185185192,56.4907407407407,0
2012-01-18,383,"4",18,0,48,17.3335652197959,0,17.3335652197959,8.98888888888894,62.4907407407407,0
2012-01-19,384,"5",19,0,61,11.1568304635125,0,11.1568304635125,10.4018518518519,79.3925925925926,4.55185185185185
2012-01-20,385,"6",20,0,48,12.8061332596829,0,12.8061332596829,11.3870370370371,83.3555555555556,16.8296296296296
2012-01-21,386,"7",21,0,58,5.2342946855699,0,5.2342946855699,10.625925925926,83.5944444444444,26.1481481481481
2012-01-22,387,"1",22,0,66,5.29144695012472,0,5.29144695012472,9.42222222222222,78.0111111111111,6.01481481481482
2012-01-23,388,"2",23,0,66,4.51691715467581,0,4.51691715467581,10.8203703703704,84.7166666666667,16.8148148148148
2012-01-24,389,"3",24,0,59,9.88744529962239,0,9.88744529962239,10.0296296296297,80.7962962962963,0
2012-01-25,390,"4",25,0,67,15.5493336745098,0,15.5493336745098,10.8240740740741,77.8055555555556,0
2012-01-26,391,"5",26,0,59,10.8793698797985,0,10.8793698797985,11.9814814814815,80.7,0
2012-01-27,392,"6",27,0,60,10.612793082092,0,10.612793082092,10.5388888888889,80.2018518518519,0
2012-01-28,393,"7",28,0,64,14.444681417912,0,14.444681417912,10.5148148148148,62.0351851851852,0
2012-01-29,394,"1",29,0,60,16.9307178223151,0,16.9307178223151,10.8333333333334,63.9407407407408,0
2012-01-30,395,"2",30,0,61,8.67532084536656,0,8.67532084536656,10.9981481481482,75.837037037037,0
2012-01-31,396,"3",31,0,50,7.42183527832815,0,7.42183527832815,11.0037037037038,77.7814814814815,0
2012-02-01,397,"4",32,0,51,7.30482004791895,0,7.30482004791895,12.2370370370371,77.4111111111111,0.666666666666667
2012-02-02,398,"5",33,0,64,8.00287313433791,0,8.00287313433791,12.4388888888889,72.6592592592593,0
2012-02-03,399,"6",34,0,57,13.9626382964692,0,13.9626382964692,12.3388888888889,65.4981481481481,0
2012-02-04,400,"7",35,0,57,12.1894999105306,0,12.1894999105306,12.3870370370371,69.3407407407408,0
2012-02-05,401,"1",36,0,69,11.773380474449,0,11.773380474449,13.0222222222222,65.3481481481482,0
2012-02-06,402,"2",37,0,69,10.6107653523386,0,10.6107653523386,13.4574074074075,61.0574074074074,0
2012-02-07,403,"3",38,0,69,5.87947368623403,0,5.87947368623403,11.612962962963,79.5703703703704,7.40740740740741
2012-02-08,404,"4",39,0,64,12.940811446161,0,12.940811446161,12.425925925926,78.7351851851852,0
2012-02-09,405,"5",40,0,56,11.1871115866824,0,11.1871115866824,13.6240740740741,71.8537037037037,0
2012-02-10,406,"6",41,0,58,10.300429447734,0,10.300429447734,12.9203703703704,75.6481481481482,0.837037037037037
2012-02-11,407,"7",42,0,56,5.2478121872238,0,5.2478121872238,12.5500000000001,80.1574074074074,1
2012-02-12,408,"1",43,0,83,5.63668656172323,0,5.63668656172323,10.9666666666667,79.0018518518519,1.25555555555556
2012-02-13,409,"2",44,0,58,5.22768102196635,0,5.22768102196635,10.8555555555556,78.9888888888889,7.81851851851852
2012-02-14,410,"3",45,0,58,5.93188678803692,0,5.93188678803692,11.3518518518518,70.0314814814815,0
2012-02-15,411,"4",46,0,71,4.8375361525645,0,4.8375361525645,10.9240740740741,67.6907407407408,3.05925925925926
2012-02-16,412,"5",47,0,54,7.65687520472384,0,7.65687520472384,11.9518518518519,56.9648148148148,0
2012-02-17,413,"6",48,0,45,10.5036220161776,0,10.5036220161776,12.4111111111112,70.087037037037,0
2012-02-18,414,"7",49,0,66,5.93142486788222,0,5.93142486788222,12.4351851851852,75.9148148148148,0
2012-02-19,415,"1",50,0,72,5.55614769119749,0,5.55614769119749,11.0796296296296,64.9666666666667,0.77037037037037
2012-02-20,416,"2",51,0,88,7.85869848443521,0,7.85869848443521,11.4166666666667,72.7074074074074,0.455555555555556
2012-02-21,417,"3",52,0,67,12.4071000739218,0,12.4071000739218,12.6425925925926,76.3148148148148,0
2012-02-22,418,"4",53,0,61,10.291897182104,0,10.291897182104,13.2407407407408,73.162962962963,0
2012-02-23,419,"5",54,0,59,7.63435631435221,0.834755021114822,6.79960129323739,13.1981481481482,71.5018518518519,0
2012-02-24,420,"6",55,0,50,11.9315192123642,0,11.9315192123642,13.0370370370371,63.5425925925926,0
2012-02-25,421,"7",56,0,61,7.20391639706933,0,7.20391639706933,11.2685185185185,71.2333333333333,0
2012-02-26,422,"1",57,0,74,6.7429028758209,0,6.7429028758209,9.55185185185189,68.5833333333333,0
2012-02-27,423,"2",58,0,64,5.5760564125977,0,5.5760564125977,10.0611111111111,69.0018518518519,0
2012-02-28,424,"3",59,0,57,5.80525943400471,0,5.80525943400471,10.0870370370371,67.8648148148148,0
2012-02-29,425,"4",60,0,57,6.13793482061642,0,6.13793482061642,10.5666666666667,69.8333333333333,0
2012-03-01,426,"5",61,0,44,3.97150576674713,0,3.97150576674713,10.8740740740741,71.9166666666667,5.14814814814815
2012-03-02,427,"6",62,0,53,7.05319828851389,0,7.05319828851389,10.8203703703704,68.2444444444444,0
2012-03-03,428,"7",63,0,68,7.81348464174477,0,7.81348464174477,12.6037037037037,63.1648148148148,0
2012-03-04,429,"1",64,0,75,8.46464829496862,0,8.46464829496862,13.3833333333333,67,0
2012-03-05,430,"2",65,0,61,7.1183590780376,0,7.1183590780376,12.1074074074074,74.0111111111111,0
2012-03-06,431,"3",66,0,71,4.70056225134938,0,4.70056225134938,11.2648148148148,68.8888888888889,0.403703703703704
2012-03-07,432,"4",67,0,50,5.27037366838918,0,5.27037366838918,10.8833333333333,55.1907407407407,0
2012-03-08,433,"5",68,0,54,8.08612361636142,0,8.08612361636142,11.9537037037037,59.9648148148148,0
2012-03-09,434,"6",69,0,48,8.36619197252623,0,8.36619197252623,12.1092592592593,65.2666666666667,0
2012-03-10,435,"7",70,0,62,5.80670475926948,0,5.80670475926948,10.3703703703704,74.4740740740741,0
2012-03-11,436,"1",71,0,71,4.65488647441296,0,4.65488647441296,10.5925925925926,77.1277777777778,0
2012-03-12,437,"2",72,0,63,5.25661543921668,0,5.25661543921668,10.1888888888889,73.8759259259259,0
2012-03-13,438,"3",73,0,68,3.20033505559598,0,3.20033505559598,11.7592592592593,77.9203703703704,19.5296296296296
2012-03-14,439,"4",74,0,71,3.54245161717277,0,3.54245161717277,11.9981481481482,83.0074074074074,34.062962962963
2012-03-15,440,"5",75,0,53,3.79647868894977,0,3.79647868894977,12.2814814814815,81.0907407407407,4.7
2012-03-16,441,"6",76,0,60,3.88616837442496,0,3.88616837442496,12.3333333333334,82.3055555555556,25.7851851851852
2012-03-17,442,"7",77,0,61,4.14226324285928,0,4.14226324285928,10.6574074074074,78.4981481481481,6.65555555555556
2012-03-18,443,"1",78,0,58,4.50572158067496,0,4.50572158067496,9.65185185185192,72.0537037037037,0
2012-03-19,444,"2",79,0,65,4.42489084643709,0,4.42489084643709,9.3481481481482,60.9351851851852,0
2012-03-20,445,"3",80,0,48,6.51453233708402,0,6.51453233708402,11.8962962962963,62.137037037037,0
2012-03-21,446,"4",81,0,57,7.69520369728295,0,7.69520369728295,13.0851851851852,72.8222222222222,0
2012-03-22,447,"5",82,0,53,4.78713331624704,0,4.78713331624704,11.3962962962963,82.3592592592593,0
2012-03-23,448,"6",83,0,51,6.14058491602939,0,6.14058491602939,10.0851851851852,65.3611111111111,0
2012-03-24,449,"7",84,0,56,3.64391965245539,0,3.64391965245539,10.6611111111112,77.0703703703704,29.837037037037
2012-03-25,450,"1",85,0,60,4.54867961266475,0,4.54867961266475,10.8703703703704,70.8555555555556,18.1481481481481
2012-03-26,451,"2",86,0,53,4.94168585267688,0,4.94168585267688,11.5259259259259,70.537037037037,0
2012-03-27,452,"3",87,0,74,3.26286492344617,0,3.26286492344617,12.2166666666667,74.5148148148148,23.0074074074074
2012-03-28,453,"4",88,0,71,4.69829554607213,0,4.69829554607213,13.2259259259259,75.6537037037037,1.76296296296296
2012-03-29,454,"5",89,0,52,5.91408636940345,0,5.91408636940345,12.4759259259259,76.3962962962963,0
2012-03-30,455,"6",90,0,54,6.22471756654886,0,6.22471756654886,13.5351851851852,76.612962962963,0
2012-03-31,456,"7",91,0,52,4.46156896724517,0,4.46156896724517,12.075925925926,81.3296296296296,12.6814814814815
2012-04-01,457,"1",92,0,51,5.69653398159944,0,5.69653398159944,12.1851851851852,65.7092592592593,0.92962962962963
2012-04-02,458,"2",93,0,54,7.81692964574814,0,7.81692964574814,12.6444444444444,66.5925925925926,0
2012-04-03,459,"3",94,0,50,7.70292375506551,0,7.70292375506551,13.1648148148148,68.5203703703704,0
2012-04-04,460,"4",95,0,54,5.33477048845075,0,5.33477048845075,11.65,73.5611111111111,0.848148148148148
2012-04-05,461,"5",96,0,52,5.93662043935124,0,5.93662043935124,11.2740740740741,62.6388888888889,0
2012-04-06,462,"6",97,0,50,6.14156001534823,0,6.14156001534823,11.0481481481481,65.5796296296296,0
2012-04-07,463,"7",98,0,58,7.48440813571341,0,7.48440813571341,12.0518518518519,62.0555555555556,0
2012-04-08,464,"1",99,0,59,9.55566634663987,0,9.55566634663987,12.7925925925926,64.9074074074074,0
2012-04-09,465,"2",100,0,72,10.1226949265395,0,10.1226949265395,13.3814814814815,68.85,0
2012-04-10,466,"3",101,0,62,7.90773206002969,0,7.90773206002969,12.6666666666667,74.2833333333333,6.3037037037037
2012-04-11,467,"4",102,0,41,4.53599771424256,0,4.53599771424256,12.6055555555556,75.7833333333333,5.94814814814815
2012-04-12,468,"5",103,0,51,4.59104739608718,0,4.59104739608718,12.4592592592593,71.712962962963,12.8703703703704
2012-04-13,469,"6",104,0,45,3.91021308138148,0,3.91021308138148,11.6962962962963,72.8944444444444,27.062962962963
2012-04-14,470,"7",105,0,63,5.97017534908081,0,5.97017534908081,13.0851851851852,66.462962962963,0
2012-04-15,471,"1",106,0,68,7.07830798934471,0,7.07830798934471,13.1925925925926,71.9740740740741,0
2012-04-16,472,"2",107,0,60,7.17486560958179,0,7.17486560958179,12.7796296296297,72.2777777777778,0
2012-04-17,473,"3",108,0,62,8.02915229031384,0,8.02915229031384,13.2648148148148,73.1425925925926,0
2012-04-18,474,"4",109,0,57,7.32059876019287,0,7.32059876019287,12.9962962962964,73.2814814814815,0
2012-04-19,475,"5",110,0,53,6.52376740016645,0,6.52376740016645,14.45,73.0296296296296,0
2012-04-20,476,"6",111,0,33,9.47580870144074,0,9.47580870144074,15.6333333333333,74.3462962962963,0
2012-04-21,477,"7",112,0,46,10.4107387843078,0,10.4107387843078,16.1074074074074,72.3833333333333,0
2012-04-22,478,"1",113,0,59,9.40152231085983,0,9.40152231085983,15.4962962962964,73.5148148148148,0
2012-04-23,479,"2",114,0,38,8.82082303061835,0,8.82082303061835,14.9444444444445,74.4092592592593,0
2012-04-24,480,"3",115,0,41,7.79014132736656,0,7.79014132736656,14.7851851851852,74.9444444444445,0
2012-04-25,481,"4",116,0,38,6.26796016155052,0,6.26796016155052,14.9759259259259,75.1240740740741,2.83703703703704
2012-04-26,482,"5",117,0,45,4.75728351751728,0,4.75728351751728,14.2148148148148,76.2796296296296,5.18888888888889
2012-04-27,483,"6",118,0,42,6.81589439474466,0,6.81589439474466,13.9833333333333,66.4981481481481,0
2012-04-28,484,"7",119,0,57,7.4431099224595,0,7.4431099224595,14.6611111111112,69.037037037037,0
2012-04-29,485,"1",120,0,47,10.0036710322501,0,10.0036710322501,14.9037037037037,73.687037037037,0
2012-04-30,486,"2",121,0,47,8.27472976903507,0,8.27472976903507,14.7,73.112962962963,0
2012-05-01,487,"3",122,0,41,8.31707190224957,0,8.31707190224957,13.9722222222223,76.0907407407408,0
2012-05-02,488,"4",123,0,42,8.62339266019386,0,8.62339266019386,13.0425925925927,72.4592592592593,0
2012-05-03,489,"5",124,0,47,5.21395271058799,0,5.21395271058799,13.3092592592593,74.3481481481482,0.585185185185185
2012-05-04,490,"6",125,0,38,6.28748347970638,0,6.28748347970638,13.8888888888889,73.7148148148148,0.548148148148148
2012-05-05,491,"7",126,0,55,7.22647181299781,0,7.22647181299781,13.9351851851852,67.8444444444444,0
2012-05-06,492,"1",127,0,57,8.75491928086332,0,8.75491928086332,14.8888888888889,65.5574074074074,0
2012-05-07,493,"2",128,0,43,11.0134582478956,0,11.0134582478956,15.1407407407407,67.2185185185185,0
2012-05-08,494,"3",129,0,42,10.8614638004912,0,10.8614638004912,14.7833333333334,70.4740740740741,0
2012-05-09,495,"4",130,0,43,12.0484983046248,0,12.0484983046248,14.2148148148149,72.5574074074074,0
2012-05-10,496,"5",131,0,57,9.98000516161632,0,9.98000516161632,13.65,71.8351851851852,0
2012-05-11,497,"6",132,0,43,12.6370261375975,0,12.6370261375975,14.5685185185185,69.0981481481482,0
2012-05-12,498,"7",133,0,49,10.9974451944722,0,10.9974451944722,14.3925925925926,69.6611111111111,0
2012-05-13,499,"1",134,0,60,8.71844169044793,0,8.71844169044793,13.6666666666667,71.6462962962963,0
2012-05-14,500,"2",135,0,45,7.22367665938735,0,7.22367665938735,13.6666666666667,73.5796296296296,0
2012-05-15,501,"3",136,0,42,8.83918174747267,0,8.83918174747267,13.4703703703704,73.637037037037,0
2012-05-16,502,"4",137,0,42,9.58865747274275,0,9.58865747274275,13.6814814814815,73.9944444444445,0
2012-05-17,503,"5",138,0,36,9.07875107192507,0,9.07875107192507,10.4,76.9055555555556,0
2012-05-18,504,"6",139,0,40,9.60492086614327,0,9.60492086614327,13.4648148148149,67.4074074074074,0
2012-05-19,505,"7",140,0,48,10.0780725621579,0,10.0780725621579,13.6314814814815,70.962962962963,0
2012-05-20,506,"1",141,0,41,11.8164079170472,0,11.8164079170472,14.6851851851852,69.8962962962963,0
2012-05-21,507,"2",142,0,42,8.29903205773535,0,8.29903205773535,14.4148148148148,73.1259259259259,0
2012-05-22,508,"3",143,0,47,6.74105492089004,0,6.74105492089004,14.6796296296296,74.362962962963,0
2012-05-23,509,"4",144,0,41,7.48659075090342,0,7.48659075090342,14.4092592592593,72.2703703703704,0
2012-05-24,510,"5",145,0,41,8.36545292284446,0,8.36545292284446,13.8814814814815,71.7296296296296,0
2012-05-25,511,"6",146,0,39,7.84410239823218,0,7.84410239823218,13.4981481481482,69.937037037037,0
2012-05-26,512,"7",147,0,45,6.19289823249771,0,6.19289823249771,13.4648148148149,73.7666666666667,0
2012-05-27,513,"1",148,0,48,6.918022569445,0,6.918022569445,13.4907407407408,73.0833333333333,0
2012-05-28,514,"2",149,0,46,7.72084978570911,0,7.72084978570911,13.8722222222223,72.5481481481481,0
2012-05-29,515,"3",150,0,42,8.71043830964792,0,8.71043830964792,13.6777777777778,72.0314814814815,0
2012-05-30,516,"4",151,0,45,10.1863354838013,0,10.1863354838013,13.8555555555556,72.0981481481482,0
2012-05-31,517,"5",152,0,54,10.3557728689006,0,10.3557728689006,14.6814814814815,72.5074074074074,0
2012-06-01,518,"6",153,0,42,9.7491501299973,0,9.7491501299973,15.3222222222223,75.2740740740741,0
2012-06-02,519,"7",154,0,46,7.77429088044114,0,7.77429088044114,14.7462962962964,77.3648148148148,0
2012-06-03,520,"1",155,0,54,8.25120419164162,0,8.25120419164162,13.9333333333334,75.6203703703704,0
2012-06-04,521,"2",156,0,50,3.6417930223775,0,3.6417930223775,13.3444444444444,78.2518518518519,2.83703703703704
2012-06-05,522,"3",157,0,34,5.32794986380547,0,5.32794986380547,13.687037037037,71.9907407407407,0
2012-06-06,523,"4",158,0,37,6.38181477695014,0,6.38181477695014,14.3944444444445,67.6907407407408,0
2012-06-07,524,"5",159,0,29,7.79926242898924,0,7.79926242898924,14.8555555555556,71.1,0
2012-06-08,525,"6",160,0,42,8.11868774400594,0,8.11868774400594,14.7685185185185,74.2092592592593,0
2012-06-09,526,"7",161,0,52,7.44172986476387,0,7.44172986476387,14.8148148148148,67.8462962962963,0
2012-06-10,527,"1",162,0,45,9.95756606634157,0,9.95756606634157,16.3462962962963,61.0648148148148,0
2012-06-11,528,"2",163,0,38,11.3004958584635,0,11.3004958584635,16.7296296296297,62.8703703703704,0
2012-06-12,529,"3",164,0,43,7.13215766604297,0,7.13215766604297,15.6592592592593,70.9518518518519,0
2012-06-13,530,"4",165,0,34,8.76604767236462,0,8.76604767236462,15.15,74.9222222222222,0
2012-06-14,531,"5",166,0,34,10.445170450132,0,10.445170450132,15.0074074074074,74.3351851851852,0
2012-06-15,532,"6",167,0,46,10.1801727048049,0,10.1801727048049,15.5648148148148,70.7611111111111,0
2012-06-16,533,"7",168,0,26,10.9021896185218,0,10.9021896185218,17.1981481481482,68.6888888888889,0
2012-06-17,534,"1",169,0,38,7.70309823327223,0,7.70309823327223,16.5666666666667,71.0462962962963,0
2012-06-18,535,"2",170,0,49,7.57589011826362,0,7.57589011826362,15.3777777777779,75.2759259259259,0
2012-06-19,536,"3",171,0,37,9.19038543319913,0,9.19038543319913,15.175925925926,72.4592592592593,0
2012-06-20,537,"4",172,0,37,11.5437464693262,0,11.5437464693262,15.8518518518518,70.0611111111111,0
2012-06-21,538,"5",173,0,38,8.46390241541179,0,8.46390241541179,14.4851851851852,74.4462962962963,0
2012-06-22,539,"6",174,0,36,5.35012905300496,0,5.35012905300496,14.1148148148148,75.1648148148148,0
2012-06-23,540,"7",175,0,48,4.38037841783017,0,4.38037841783017,14.325925925926,74.8037037037037,0
2012-06-24,541,"1",176,0,38,5.25094862631307,0,5.25094862631307,14.262962962963,69.987037037037,0
2012-06-25,542,"2",177,0,33,5.05842079085361,0,5.05842079085361,14.5111111111111,70.7407407407407,0
2012-06-26,543,"3",178,0,35,5.25317912470491,0,5.25317912470491,14.8111111111111,71.3240740740741,0
2012-06-27,544,"4",179,0,27,10.1405668527119,0,10.1405668527119,15.3148148148148,69.8185185185185,0
2012-06-28,545,"5",180,0,28,7.73645344623117,0,7.73645344623117,15.2685185185185,71.2037037037037,0
2012-06-29,546,"6",181,0,35,7.1109320401269,0,7.1109320401269,15.3444444444444,73.8055555555556,0
2012-06-30,547,"7",182,0,36,5.84424497232556,0,5.84424497232556,15.7055555555556,78.0296296296296,0
2012-07-01,548,"1",183,0,56,4.41956002922055,0,4.41956002922055,16.1240740740741,81.412962962963,0
2012-07-02,549,"2",184,0,37,5.78277765809368,0,5.78277765809368,15.7777777777778,80.9351851851852,0
2012-07-03,550,"3",185,0,30,7.38490170179618,0,7.38490170179618,15.7407407407408,78.1444444444444,0
2012-07-04,551,"4",186,0,32,7.78153722689401,0,7.78153722689401,15.6277777777778,78.9203703703704,0
2012-07-05,552,"5",187,0,31,6.25053625238132,0,6.25053625238132,15.15,79.3074074074074,0
2012-07-06,553,"6",188,0,37,6.75823857394448,0,6.75823857394448,15.3444444444444,77.55,0
2012-07-07,554,"7",189,0,38,8.67029429822301,0,8.67029429822301,15.8722222222223,76.9962962962963,0
2012-07-08,555,"1",190,0,50,5.59963967429379,0,5.59963967429379,15.5518518518519,77.3407407407407,0
2012-07-09,556,"2",191,0,47,6.45203242226435,0,6.45203242226435,15.3759259259259,78.0111111111111,0
2012-07-10,557,"3",192,0,37,7.93536981526646,0,7.93536981526646,15.5037037037038,76.9944444444444,0
2012-07-11,558,"4",193,0,39,9.19958185182841,0,9.19958185182841,15.587037037037,77.662962962963,0
2012-07-12,559,"5",194,0,37,11.2336685683951,4.27780477680463,6.95586379159045,15.4962962962964,79.0296296296296,0
2012-07-13,560,"6",195,0,40,7.11368785022964,0,7.11368785022964,14.5407407407408,79.1388888888889,0
2012-07-14,561,"7",196,0,20,5.97564345980216,0,5.97564345980216,14.3166666666667,78.9925925925926,0
2012-07-15,562,"1",197,0,28,5.93012054673213,0,5.93012054673213,14.7962962962963,78.6537037037037,0
2012-07-16,563,"2",198,0,43,4.89083890110119,0,4.89083890110119,14.0944444444444,81.8166666666667,0
2012-07-17,564,"3",199,0,34,4.44410250963578,0,4.44410250963578,14.1555555555556,80.2685185185185,0
2012-07-18,565,"4",200,0,35,6.34100118157856,0,6.34100118157856,14.825925925926,78.4666666666667,0
2012-07-19,566,"5",201,0,41,5.78421213477351,0,5.78421213477351,14.8944444444444,77.5240740740741,0
2012-07-20,567,"6",202,0,36,6.97633903225088,0,6.97633903225088,15.3481481481482,76.487037037037,0
2012-07-21,568,"7",203,0,42,9.01049017714505,0,9.01049017714505,16.3574074074074,74.1777777777778,0
2012-07-22,569,"1",204,0,39,7.07330594812441,0,7.07330594812441,16.3833333333333,74.8055555555556,0
2012-07-23,570,"2",205,0,31,5.70913625671343,0,5.70913625671343,15.962962962963,76.2481481481481,0
2012-07-24,571,"3",206,0,34,5.64210189192988,0,5.64210189192988,15.5944444444444,78.0962962962963,0
2012-07-25,572,"4",207,0,30,6.20220063348757,0,6.20220063348757,16.0277777777778,76.6166666666667,0
2012-07-26,573,"5",208,0,40,5.7282959887546,0,5.7282959887546,15.5814814814815,77.2240740740741,0
2012-07-27,574,"6",209,0,34,5.50652720000643,0,5.50652720000643,15.4481481481482,77.95,0
2012-07-28,575,"7",210,0,39,6.01860766470892,0,6.01860766470892,15.3981481481482,78.7462962962963,0
2012-07-29,576,"1",211,0,37,6.23077298099346,0,6.23077298099346,15.25,77.8611111111111,0
2012-07-30,577,"2",212,0,31,6.34726883677478,0,6.34726883677478,15.6611111111112,76.2666666666667,0
2012-07-31,578,"3",213,0,28,9.03441480643745,0,9.03441480643745,15.7907407407408,76.862962962963,0
2012-08-01,579,"4",214,0,38,7.86784511901266,0,7.86784511901266,15.5407407407408,76.0111111111111,0
2012-08-02,580,"5",215,0,35,6.5058950155191,0,6.5058950155191,15.7388888888889,75.5574074074074,0
2012-08-03,581,"6",216,0,31,6.48215958739037,0,6.48215958739037,15.65,75.6037037037037,0
2012-08-04,582,"7",217,0,42,5.56002615495809,0,5.56002615495809,15.35,76.5277777777778,0
2012-08-05,583,"1",218,0,35,5.37957463531177,0,5.37957463531177,16.062962962963,74.7092592592593,0
2012-08-06,584,"2",219,0,34,5.5270473159286,0,5.5270473159286,15.3648148148148,76.3962962962963,0
2012-08-07,585,"3",220,0,41,6.67051709968396,0,6.67051709968396,15.8185185185185,75.9074074074074,0
2012-08-08,586,"4",221,0,35,8.26486509864134,0,8.26486509864134,16.1222222222223,74.0981481481482,0
2012-08-09,587,"5",222,0,38,7.73852298016137,0,7.73852298016137,16.3018518518519,72.2314814814815,0
2012-08-10,588,"6",223,0,38,8.62530286879746,0,8.62530286879746,16.175925925926,73.4333333333333,0
2012-08-11,589,"7",224,0,28,7.22089173799281,0,7.22089173799281,16.212962962963,72.3314814814815,0
2012-08-12,590,"1",225,0,41,5.75068063930337,0,5.75068063930337,16.3148148148148,72.7481481481481,0
2012-08-13,591,"2",226,0,45,7.1226638349429,0,7.1226638349429,16.812962962963,71.9648148148148,0
2012-08-14,592,"3",227,0,34,6.22811287798867,0,6.22811287798867,16.3611111111111,74.3425925925926,0
2012-08-15,593,"4",228,0,43,7.17722496213241,0,7.17722496213241,16.7981481481482,72.4740740740741,0
2012-08-16,594,"5",229,0,31,6.75614591053411,0,6.75614591053411,16.3944444444445,74.0018518518519,0
2012-08-17,595,"6",230,0,41,6.00854503643792,0,6.00854503643792,15.8981481481482,73.2648148148148,0
2012-08-18,596,"7",231,0,48,5.13903604792255,0,5.13903604792255,16.1351851851852,75.9685185185185,0
2012-08-19,597,"1",232,0,42,5.25666821380878,0,5.25666821380878,16.1277777777778,74.5462962962963,0
2012-08-20,598,"2",233,0,37,6.35467852651699,0,6.35467852651699,16.0814814814815,74.0611111111111,0
2012-08-21,599,"3",234,0,40,6.4262570749899,0,6.4262570749899,15.8833333333333,75.5037037037037,0
2012-08-22,600,"4",235,0,43,6.75662505734434,0,6.75662505734434,15.7314814814815,77.0259259259259,0
2012-08-23,601,"5",236,0,41,5.7050417097152,0,5.7050417097152,15.7851851851852,76.3425925925926,0
2012-08-24,602,"6",237,0,31,5.7200822281854,0,5.7200822281854,15.6648148148148,76.8314814814815,0
2012-08-25,603,"7",238,0,51,4.88209362903077,0,4.88209362903077,15.0092592592592,77.0907407407407,0
2012-08-26,604,"1",239,0,51,4.84975801560234,0,4.84975801560234,14.7925925925927,77.5462962962963,0
2012-08-27,605,"2",240,0,56,5.75506639742387,0,5.75506639742387,15.7537037037038,74.6277777777778,0
2012-08-28,606,"3",241,0,48,6.75523202122741,0,6.75523202122741,16.1444444444445,75.4296296296296,0
2012-08-29,607,"4",242,0,38,8.41772452476745,0.0186687848715863,8.39905573989586,15.7425925925926,74.7574074074074,0
2012-08-30,608,"5",243,0,42,7.84808866013053,0,7.84808866013053,15.7759259259259,73.7111111111111,0
2012-08-31,609,"6",244,0,41,5.22144144975558,0,5.22144144975558,15.3851851851852,77.2462962962963,0
2012-09-01,610,"7",245,0,52,7.38352460970558,0,7.38352460970558,15.2148148148149,74.4018518518519,0
2012-09-02,611,"1",246,0,60,11.4183455704314,3.12609356944139,8.29225200099003,15.85,72.9592592592593,0
2012-09-03,612,"2",247,0,50,10.1332151162904,0,10.1332151162904,16.8314814814815,68.1796296296296,0
2012-09-04,613,"3",248,0,50,8.63495458408622,0,8.63495458408622,16.5611111111111,68.112962962963,0
2012-09-05,614,"4",249,0,41,9.75425849738834,0,9.75425849738834,15.8592592592593,71.7203703703704,0
2012-09-06,615,"5",250,0,33,9.26282716740495,0,9.26282716740495,16.8888888888889,67.4796296296296,0
2012-09-07,616,"6",251,0,43,9.67055457240096,0,9.67055457240096,16.1055555555556,67.4925925925926,0
2012-09-08,617,"7",252,0,57,8.01848838508047,0,8.01848838508047,16.2333333333333,67.987037037037,0
2012-09-09,618,"1",253,0,33,8.38081706535977,0,8.38081706535977,15.8351851851852,70.8944444444444,0
2012-09-10,619,"2",254,0,43,9.67791771034493,1.18862453940557,8.48929317093935,15.7962962962963,72.2296296296296,0
2012-09-11,620,"3",255,0,52,8.67327605831668,0,8.67327605831668,16.4148148148148,72.5055555555556,0
2012-09-12,621,"4",256,0,47,8.97506513568628,0,8.97506513568628,16.1962962962963,70.812962962963,0
2012-09-13,622,"5",257,0,55,9.73286246112885,0,9.73286246112885,17.0685185185185,68.3296296296296,0
2012-09-14,623,"6",258,0,40,8.92452352639228,0,8.92452352639228,16.6370370370371,69.6833333333333,0
2012-09-15,624,"7",259,0,48,9.253002275478,0,9.253002275478,16.2240740740741,68.1685185185185,0
2012-09-16,625,"1",260,0,37,9.75315307133967,0,9.75315307133967,16.1185185185186,68.5333333333333,0
2012-09-17,626,"2",261,0,45,9.90686915294264,0,9.90686915294264,15.5555555555556,70.2555555555556,0
2012-09-18,627,"3",262,0,32,8.4101192574894,0,8.4101192574894,14.9944444444445,70.5,0
2012-09-19,628,"4",263,0,40,8.27084514173519,0,8.27084514173519,14.9925925925926,71.0148148148148,0
2012-09-20,629,"5",264,0,45,8.72817733626704,0,8.72817733626704,15.0370370370371,71.9759259259259,0
2012-09-21,630,"6",265,0,41,8.855376163584,0,8.855376163584,15.4555555555556,72.1333333333333,0
2012-09-22,631,"7",266,0,39,9.84385948570156,0,9.84385948570156,15.9018518518519,70.2740740740741,0
2012-09-23,632,"1",267,0,51,10.0879877292708,0,10.0879877292708,16.062962962963,71.462962962963,0
2012-09-24,633,"2",268,0,42,8.32713881305968,0,8.32713881305968,16.2777777777778,72.5981481481482,0
2012-09-25,634,"3",269,0,54,9.4425192102382,0,9.4425192102382,16.2462962962964,72.1074074074074,0
2012-09-26,635,"4",270,0,50,8.86118435396623,0,8.86118435396623,15.8666666666667,72.5611111111111,0
2012-09-27,636,"5",271,0,45,9.3932169338312,0,9.3932169338312,16.3018518518519,70.4814814814815,0
2012-09-28,637,"6",272,0,44,8.56319793335728,0,8.56319793335728,15.5722222222223,73.5944444444444,0
2012-09-29,638,"7",273,0,38,9.0363131740818,0,9.0363131740818,16.3722222222223,70.0018518518519,0
2012-09-30,639,"1",274,0,45,9.29297503807387,0,9.29297503807387,18.3574074074074,62.5425925925926,0
2012-10-01,640,"2",275,0,50,12.1607071162085,0,12.1607071162085,19.9240740740741,52.65,0
2012-10-02,641,"3",276,0,46,9.37690600196578,0,9.37690600196578,21.3314814814815,43.3777777777778,0
2012-10-03,642,"4",277,0,41,11.9205995662299,0,11.9205995662299,19.6185185185185,51.7425925925926,0
2012-10-04,643,"5",278,0,47,9.20483514647454,0,9.20483514647454,17.0055555555556,69.5685185185185,0
2012-10-05,644,"6",279,0,64,7.68300187640966,0,7.68300187640966,16.0833333333334,72.7592592592593,0
2012-10-06,645,"7",280,0,42,7.90603722304698,0,7.90603722304698,16.1740740740741,70.1666666666667,0
2012-10-07,646,"1",281,0,58,8.50318610714689,0,8.50318610714689,16.1277777777778,69.3685185185185,0
2012-10-08,647,"2",282,0,50,6.69176937836184,0,6.69176937836184,15.575925925926,70.5092592592593,0
2012-10-09,648,"3",283,0,38,7.12858211680228,0,7.12858211680228,15.9888888888889,69.9333333333333,0
2012-10-10,649,"4",284,0,48,6.21033077828131,0,6.21033077828131,16.3351851851852,69.4055555555556,0.0888888888888889
2012-10-11,650,"5",285,0,29,5.84429683307538,0,5.84429683307538,15.3666666666667,72.812962962963,0.111111111111111
2012-10-12,651,"6",286,0,43,5.75750716105349,0,5.75750716105349,15.6055555555556,71.5777777777778,0.951851851851852
2012-10-13,652,"7",287,0,40,7.21311366728971,0,7.21311366728971,16.2611111111112,68.9277777777778,0
2012-10-14,653,"1",288,0,46,6.42376453195288,0,6.42376453195288,17.1425925925926,71.2203703703704,0
2012-10-15,654,"2",289,0,43,7.02626344626842,0,7.02626344626842,17.4277777777778,71.8,0
2012-10-16,655,"3",290,0,48,6.94960202246417,0,6.94960202246417,18.8611111111111,70.7314814814815,0
2012-10-17,656,"4",291,0,33,6.61685843428079,0,6.61685843428079,18.5537037037037,67.1851851851852,0
2012-10-18,657,"5",292,0,48,9.95852662976002,0,9.95852662976002,19.7111111111111,51.9203703703704,0
2012-10-19,658,"6",293,0,52,9.00212723758828,0,9.00212723758828,17.8296296296296,67.6333333333333,0
2012-10-20,659,"7",294,0,35,6.29039657622476,0,6.29039657622476,16.5148148148148,73.5074074074074,0
2012-10-21,660,"1",295,0,50,5.71389383908326,0,5.71389383908326,15.4907407407408,65.0259259259259,0
2012-10-22,661,"2",296,0,40,3.67586295139035,0,3.67586295139035,14.8462962962963,69.5185185185185,18.537037037037
2012-10-23,662,"3",297,0,49,3.84007356776768,0,3.84007356776768,15.012962962963,68.8703703703704,7.79259259259259
2012-10-24,663,"4",298,0,40,4.21198452454451,0,4.21198452454451,14.5925925925926,67.687037037037,4.98518518518519
2012-10-25,664,"5",299,0,39,5.79330243191282,0,5.79330243191282,15.6296296296297,68.5203703703704,1.18888888888889
2012-10-26,665,"6",300,0,48,7.08640449782064,0,7.08640449782064,15.9296296296296,63.5962962962963,1.43333333333333
2012-10-27,666,"7",301,0,41,7.10672125267647,0,7.10672125267647,17.2722222222222,67.3851851851852,0
2012-10-28,667,"1",302,0,50,8.17157105420356,0,8.17157105420356,17.687037037037,68.2,0
2012-10-29,668,"2",303,0,55,8.61535889592273,0,8.61535889592273,16.825925925926,71.7388888888889,0
2012-10-30,669,"3",304,0,57,8.97741452677008,0,8.97741452677008,16.4962962962964,71.8018518518519,0
2012-10-31,670,"4",305,0,48,5.6590731780588,0,5.6590731780588,15.1055555555556,76.4333333333333,1.1037037037037
2012-11-01,671,"5",306,0,45,4.84345654539251,0,4.84345654539251,15.4648148148149,75.0666666666667,14.4111111111111
2012-11-02,672,"6",307,0,52,10.114598016655,0,10.114598016655,14.0351851851852,73.1611111111111,0
2012-11-03,673,"7",308,0,51,11.95139400151,0,11.95139400151,15.4888888888889,66.9592592592593,0
2012-11-04,674,"1",309,0,52,11.7395372509897,0,11.7395372509897,17.0203703703704,66.3666666666667,0
2012-11-05,675,"2",310,0,57,12.7567331980653,0,12.7567331980653,18.5925925925926,61.5481481481482,0
2012-11-06,676,"3",311,0,41,14.8043639276407,0,14.8043639276407,19.2388888888889,52.0222222222222,0
2012-11-07,677,"4",312,0,65,12.3925590936599,0,12.3925590936599,15.5407407407408,71.1314814814815,0
2012-11-08,678,"5",313,0,43,5.47487884851129,0,5.47487884851129,13.5185185185185,72.4444444444445,3.23703703703704
2012-11-09,679,"6",314,0,55,4.93662017607214,0,4.93662017607214,11.612962962963,67.0648148148148,2.8037037037037
2012-11-10,680,"7",315,0,60,4.97633139915064,0,4.97633139915064,12.9962962962964,61.6314814814815,0
2012-11-11,681,"1",316,0,56,11.2195897375653,0,11.2195897375653,12.4981481481482,59.1111111111111,0
2012-11-12,682,"2",317,0,58,14.9184508168224,0,14.9184508168224,13.55,55.7314814814815,0
2012-11-13,683,"3",318,0,57,14.6467108710358,0,14.6467108710358,14.7518518518519,56.937037037037,0
2012-11-14,684,"4",319,0,56,11.2159823476991,0,11.2159823476991,14.9796296296296,64.0518518518519,0
2012-11-15,685,"5",320,0,61,17.3437146959097,0,17.3437146959097,15.1240740740741,64.1203703703704,0
2012-11-16,686,"6",321,0,53,12.2249391205016,0,12.2249391205016,14.4037037037037,71.4574074074074,10.1777777777778
2012-11-17,687,"7",322,0,55,3.93540727495872,0,3.93540727495872,14.0944444444445,78.5203703703704,15.9518518518519
2012-11-18,688,"1",323,0,40,5.09276921545875,0,5.09276921545875,14.05,72.4814814814815,18.1296296296296
2012-11-19,689,"2",324,0,71,6.54820414341311,0,6.54820414341311,14.4222222222222,69.312962962963,0
2012-11-20,690,"3",325,0,49,4.28709818689937,0,4.28709818689937,15.2222222222223,75.037037037037,1.45555555555556
2012-11-21,691,"4",326,0,56,5.10373949582931,0,5.10373949582931,14.6259259259259,77.1925925925926,32.1888888888889
2012-11-22,692,"5",327,0,64,8.14479596600717,0,8.14479596600717,13.5370370370371,72.0962962962963,0
2012-11-23,693,"6",328,0,66,10.6787078491119,0,10.6787078491119,13.9981481481482,67.8611111111111,0
2012-11-24,694,"7",329,0,73,11.0295721433667,0,11.0295721433667,14.6777777777778,70.2537037037037,0
2012-11-25,695,"1",330,0,49,10.1088126381285,0,10.1088126381285,13.9240740740741,74.9407407407407,0
2012-11-26,696,"2",331,0,64,13.452291201502,0,13.452291201502,13.1611111111112,74.9814814814815,0
2012-11-27,697,"3",332,0,56,12.8476538668161,0,12.8476538668161,13.4814814814815,73.4518518518519,0
2012-11-28,698,"4",333,0,43,3.75367041989084,0,3.75367041989084,14.6425925925926,75.2611111111111,15.6074074074074
2012-11-29,699,"5",334,0,46,4.52620944468637,0,4.52620944468637,15.462962962963,75.4851851851852,1.26666666666667
2012-11-30,700,"6",335,0,46,2.96615029471309,0,2.96615029471309,14.1666666666667,83.0166666666667,43.9148148148148
2012-12-01,701,"7",336,0,69,4.02296107502504,0,4.02296107502504,13.9944444444445,81.212962962963,7.59259259259259
2012-12-02,702,"1",337,0,68,1.86690842695837,0,1.86690842695837,13.5666666666667,85.0055555555556,30.8148148148148
2012-12-03,703,"2",338,0,61,10.8573841460214,0,10.8573841460214,12.7759259259259,74.2037037037037,0
2012-12-04,704,"3",339,0,57,10.1232402381472,0,10.1232402381472,14.3851851851852,72.3444444444444,0
2012-12-05,705,"4",340,0,59,3.40863434312349,0,3.40863434312349,14.6685185185186,81.9814814814815,19.6333333333333
2012-12-06,706,"5",341,0,45,6.86051125299602,0,6.86051125299602,13.45,81.3018518518519,0.222222222222222
2012-12-07,707,"6",342,0,43,12.0569115035841,0,12.0569115035841,12.3981481481482,73.1648148148148,0
2012-12-08,708,"7",343,0,49,15.5001015732521,0,15.5001015732521,12.0574074074074,73.3777777777778,0
2012-12-09,709,"1",344,0,53,11.515965093454,0,11.515965093454,13.0611111111111,68.1407407407407,0
2012-12-10,710,"2",345,0,56,11.1496815009008,0,11.1496815009008,13.5888888888889,69.2925925925926,0
2012-12-11,711,"3",346,0,60,14.4221893670961,0,14.4221893670961,12.2962962962963,77.4777777777778,0
2012-12-12,712,"4",347,0,68,3.93289223655231,0,3.93289223655231,11.3148148148148,78.9537037037037,3.12962962962963
2012-12-13,713,"5",348,0,61,7.78342177026119,0,7.78342177026119,10.312962962963,69.3203703703704,0
2012-12-14,714,"6",349,0,55,12.867423406178,0,12.867423406178,10.0148148148148,67.9314814814815,0
2012-12-15,715,"7",350,0,70,9.00170637809384,0,9.00170637809384,9.23888888888888,73.4166666666667,3.62222222222222
2012-12-16,716,"1",351,0,67,7.69256667228931,0,7.69256667228931,11.1037037037037,77.5777777777778,0.188888888888889
2012-12-17,717,"2",352,0,83,3.69463732953986,0,3.69463732953986,12.4851851851852,79.8425925925926,5.10740740740741
2012-12-18,718,"3",353,0,53,4.25503371030327,0,4.25503371030327,10.2037037037037,72.0962962962963,0
2012-12-19,719,"4",354,0,52,8.15357578127555,0,8.15357578127555,8.6740740740741,58.0833333333333,0
2012-12-20,720,"5",355,0,45,5.52022745388336,0,5.52022745388336,11.588888888889,64.4388888888889,0
2012-12-21,721,"6",356,0,58,3.72923022276492,0,3.72923022276492,12.2537037037038,78.6111111111111,5.71481481481482
2012-12-22,722,"7",357,0,84,2.97726487523351,0,2.97726487523351,11.4703703703704,80.5648148148148,19.6296296296296
2012-12-23,723,"1",358,0,65,3.1393968607994,0,3.1393968607994,11.3444444444444,77.9944444444445,34.2148148148148
2012-12-24,724,"2",359,0,64,7.06909394708443,0,7.06909394708443,11.0370370370371,78.4796296296296,0
2012-12-25,725,"3",360,0,71,7.38852203549693,0,7.38852203549693,10.2962962962963,71.2722222222222,20.2
2012-12-26,726,"4",361,0,74,4.91848356528361,0,4.91848356528361,10.4796296296296,79.5222222222222,10.2481481481481
2012-12-27,727,"5",362,0,75,4.38236899804764,0,4.38236899804764,10.2037037037037,69.4592592592593,0
2012-12-28,728,"6",363,0,77,11.7311729961088,0,11.7311729961088,8.9240740740741,70.9703703703704,0.237037037037037
2012-12-29,729,"7",364,0,74,6.21219766776924,0,6.21219766776924,9.28703703703707,69.162962962963,5.94814814814815
2012-12-30,730,"1",365,0,79,8.02206936143789,0,8.02206936143789,9.62222222222226,67.4074074074074,0
2012-12-31,731,"2",366,0,89,13.8541347146194,0,13.8541347146194,8.63518518518521,64.3537037037037,0
2013-01-01,732,"3",1,0,69,11.4996364153476,0,11.4996364153476,8.0425925925926,68.2296296296296,0
2013-01-02,733,"4",2,0,80,14.8571352533759,0,14.8571352533759,8.27407407407406,60.437037037037,0
2013-01-03,734,"5",3,0,71,20.4448370455643,0,20.4448370455643,8.95185185185187,60.9166666666667,0
2013-01-04,735,"6",4,0,82,20.3471904927222,0,20.3471904927222,9.51666666666665,64.8537037037037,0
2013-01-05,736,"7",5,0,81,18.2459202785937,0,18.2459202785937,9.77592592592595,70.2,3.8962962962963
2013-01-06,737,"1",6,0,99,6.80079462636792,0,6.80079462636792,9.82037037037037,82.437037037037,3.12592592592593
2013-01-07,738,"2",7,0,83,12.5588746224696,0,12.5588746224696,10.0388888888889,77.2740740740741,0
2013-01-08,739,"3",8,0,89,16.5273129693661,0,16.5273129693661,10.9462962962963,80.5611111111111,0
2013-01-09,740,"4",9,0,97,13.3992405218597,0,13.3992405218597,10.3444444444444,81.7425925925926,0.803703703703704
2013-01-10,741,"5",10,0,81,4.29214448946502,0,4.29214448946502,8.18333333333334,77.0759259259259,0
2013-01-11,742,"6",11,0,84,5.63685265183878,0,5.63685265183878,8.4148148148148,69.1518518518519,0
2013-01-12,743,"7",12,0,81,9.36199846656348,0,9.36199846656348,7.15000000000003,69.2407407407407,0
2013-01-13,744,"1",13,0,96,8.85172477666359,0,8.85172477666359,6.21481481481482,56.5611111111111,0
2013-01-14,745,"2",14,0,89,8.70188748059934,0,8.70188748059934,6.72222222222223,50.2759259259259,0
2013-01-15,746,"3",15,0,79,16.0816654241279,0,16.0816654241279,7.7074074074074,54.8944444444444,0
2013-01-16,747,"4",16,0,73,19.2155708588226,0,19.2155708588226,8.19444444444446,62.7981481481482,0
2013-01-17,748,"5",17,0,85,16.8172628009073,0,16.8172628009073,9.50370370370376,63.7203703703704,0
2013-01-18,749,"6",18,0,107,18.5189427686181,0,18.5189427686181,9.8351851851852,64.5759259259259,0
2013-01-19,750,"7",19,0,93,16.093299556319,0,16.093299556319,10.1333333333333,63.787037037037,0
2013-01-20,751,"1",20,0,96,14.978103299201,0,14.978103299201,10.312962962963,63.1611111111111,0
2013-01-21,752,"2",21,0,114,17.8215007071705,0,17.8215007071705,10.1685185185186,62.8462962962963,0
2013-01-22,753,"3",22,0,83,20.368106980077,0,20.368106980077,10.9574074074075,63.8351851851852,0
2013-01-23,754,"4",23,0,117,27.4482403068398,0,27.4482403068398,11.5574074074074,68.0296296296296,3.22222222222222
2013-01-24,755,"5",24,0,98,10.8570666007274,0,10.8570666007274,10.8833333333333,82.4777777777778,1.13333333333333
2013-01-25,756,"6",25,0,99,12.3402175518046,0,12.3402175518046,11.5907407407408,83.6555555555556,0
2013-01-26,757,"7",26,0,116,6.1031606156133,0,6.1031606156133,10.6814814814815,84.162962962963,0
2013-01-27,758,"1",27,0,111,3.77299044653377,0,3.77299044653377,9.38703703703709,74.0222222222222,0
2013-01-28,759,"2",28,0,107,4.70413984857572,0,4.70413984857572,10.0703703703704,71.0314814814815,0
2013-01-29,760,"3",29,0,91,7.31677853601261,0,7.31677853601261,9.59259259259261,78.2777777777778,0
2013-01-30,761,"4",30,0,102,11.8301813355743,0,11.8301813355743,10.7870370370371,74.5907407407407,0
2013-01-31,762,"5",31,0,84,16.4906478487638,0,16.4906478487638,12.2055555555556,70.0037037037037,0
2013-02-01,763,"6",32,0,68,15.0451702503596,0,15.0451702503596,12.4666666666667,72.6444444444444,0
2013-02-02,764,"7",33,0,75,19.5807292624105,0,19.5807292624105,11.7166666666667,76.0666666666667,0
2013-02-03,765,"1",34,0,78,11.0302915354785,0,11.0302915354785,10.5666666666667,79.4055555555556,0
2013-02-04,766,"2",35,0,88,15.3664966378348,0,15.3664966378348,10.3851851851852,77.3907407407407,0
2013-02-05,767,"3",36,0,73,8.50722631472693,0,8.50722631472693,9.80740740740742,78.5648148148148,0
2013-02-06,768,"4",37,0,79,7.33040197463369,0,7.33040197463369,10.1944444444445,78.262962962963,0
2013-02-07,769,"5",38,0,85,5.34366384017081,0,5.34366384017081,10.5148148148148,74.5388888888889,1.06666666666667
2013-02-08,770,"6",39,0,78,4.42898792636227,0,4.42898792636227,10.1962962962963,70.3314814814815,5.4
2013-02-09,771,"7",40,0,87,6.91162984506863,0,6.91162984506863,10.25,66.8796296296296,0
2013-02-10,772,"1",41,0,77,9.97927461653731,0,9.97927461653731,10.1925925925926,68.2203703703704,0
2013-02-11,773,"2",42,0,85,9.81898595188365,0,9.81898595188365,9.6444444444445,74.8796296296296,0
2013-02-12,774,"3",43,0,77,13.4105195062279,0,13.4105195062279,10.4555555555556,73.3240740740741,0
2013-02-13,775,"4",44,0,69,12.5502243892972,0,12.5502243892972,10.2388888888889,75.1555555555556,0
2013-02-14,776,"5",45,0,69,10.5204247951943,0,10.5204247951943,11.3240740740741,73.8296296296296,0
2013-02-15,777,"6",46,0,70,14.8562723411026,0,14.8562723411026,13.5648148148148,65.95,0
2013-02-16,778,"7",47,0,64,14.6850606642482,0,14.6850606642482,13.6018518518518,63.1407407407407,0
2013-02-17,779,"1",48,0,91,7.46749477411304,0,7.46749477411304,11.0740740740741,77.4611111111111,0
2013-02-18,780,"2",49,0,81,7.66461573927586,0,7.66461573927586,10.1185185185186,76.7481481481481,0
2013-02-19,781,"3",50,0,58,4.48937578883621,0,4.48937578883621,9.44259259259263,76.4833333333333,9.14814814814815
2013-02-20,782,"4",51,0,79,5.18605298676269,0,5.18605298676269,10.1907407407408,65.8518518518518,0
2013-02-21,783,"5",52,0,57,6.79283893305183,0,6.79283893305183,10.9796296296297,68.55,0
2013-02-22,784,"6",53,0,62,8.07195920892565,0,8.07195920892565,11.05,70.1907407407408,0
2013-02-23,785,"7",54,0,68,6.27971423577112,0,6.27971423577112,11.2833333333333,73.5518518518519,0.211111111111111
2013-02-24,786,"1",55,0,77,6.4739409544451,0,6.4739409544451,10.3666666666667,63.737037037037,0
2013-02-25,787,"2",56,0,65,7.307755650425,0,7.307755650425,10.6907407407408,73.0240740740741,0
2013-02-26,788,"3",57,0,64,7.72157874073975,0,7.72157874073975,10.5555555555555,71.0296296296296,0
2013-02-27,789,"4",58,0,63,10.4775108764492,0,10.4775108764492,10.7833333333333,71.6759259259259,0
2013-02-28,790,"5",59,0,66,8.72836957019085,0,8.72836957019085,12.2148148148148,72.7,0
2013-03-01,791,"6",60,0,53,8.11719994984224,0,8.11719994984224,13.2740740740741,71.5518518518519,0
2013-03-02,792,"7",61,0,62,9.1907518689886,0,9.1907518689886,13.7592592592592,71.0388888888889,0
2013-03-03,793,"1",62,0,82,6.97775547296641,0,6.97775547296641,11.6185185185186,79.7944444444445,0
2013-03-04,794,"2",63,0,63,6.65435613544213,0,6.65435613544213,10.7481481481482,76.1388888888889,0
2013-03-05,795,"3",64,0,49,5.26086684762479,0,5.26086684762479,10.4722222222222,73.9944444444444,0
2013-03-06,796,"4",65,0,45,4.0763247586168,0,4.0763247586168,11.5,74.6648148148148,9.23703703703704
2013-03-07,797,"5",66,0,58,6.10388060969184,0,6.10388060969184,11.337037037037,67.9740740740741,1.2037037037037
2013-03-08,798,"6",67,0,57,4.95619246316796,0,4.95619246316796,11.4685185185185,72.8851851851852,1.84074074074074
2013-03-09,799,"7",68,0,65,5.9814479512521,0,5.9814479512521,11.1555555555556,70.6592592592593,0
2013-03-10,800,"1",69,0,59,7.07222430762249,0,7.07222430762249,11.4055555555556,70.9407407407408,0
2013-03-11,801,"2",70,0,47,7.49900999465282,0,7.49900999465282,11.9462962962963,71.2944444444445,0
2013-03-12,802,"3",71,0,53,8.15819888585215,0,8.15819888585215,12.3777777777778,73.2592592592593,0
2013-03-13,803,"4",72,0,50,8.39280855144858,0,8.39280855144858,13.1759259259259,72.0759259259259,0
2013-03-14,804,"5",73,0,49,8.38460048508673,0,8.38460048508673,12.8666666666667,75.1777777777778,0
2013-03-15,805,"6",74,0,44,8.16211997641235,0,8.16211997641235,12.2277777777778,74.7796296296296,0
2013-03-16,806,"7",75,0,63,7.74810875762206,0,7.74810875762206,12.4981481481482,74.2074074074074,0
2013-03-17,807,"1",76,0,58,6.26396025427606,0,6.26396025427606,12.1648148148148,72.6722222222222,0
2013-03-18,808,"2",77,0,74,7.73042202236693,0,7.73042202236693,11.8759259259259,71.8462962962963,0
2013-03-19,809,"3",78,0,63,6.85530900734331,0,6.85530900734331,12.6740740740741,71.6296296296296,1.54814814814815
2013-03-20,810,"4",79,0,49,4.44604779950098,0,4.44604779950098,12.5370370370371,75.6981481481482,1.87407407407407
2013-03-21,811,"5",80,0,57,6.52509194587492,0,6.52509194587492,11.6277777777778,78.2981481481482,0
2013-03-22,812,"6",81,0,50,7.17476099436502,0,7.17476099436502,11.9092592592593,65.1537037037037,0
2013-03-23,813,"7",82,0,63,7.66375755503651,0,7.66375755503651,11.9555555555556,64.1481481481482,0
2013-03-24,814,"1",83,0,47,6.94260401515336,0,6.94260401515336,12.4092592592593,69.4611111111111,0
2013-03-25,815,"2",84,0,55,7.25772171887371,0,7.25772171887371,11.7981481481481,73.7296296296296,0
2013-03-26,816,"3",85,0,66,6.55539004769866,0,6.55539004769866,10.7703703703704,75.0388888888889,0
2013-03-27,817,"4",86,0,45,5.65978083912229,0,5.65978083912229,12.2851851851852,75.7851851851852,0
2013-03-28,818,"5",87,0,52,5.42557259073563,0,5.42557259073563,13.5,74.9314814814815,0
2013-03-29,819,"6",88,0,40,7.76024212746123,0,7.76024212746123,14.2925925925926,72.1722222222222,0
2013-03-30,820,"7",89,0,52,7.20673720198549,0,7.20673720198549,13.2685185185185,76.8055555555556,0.840740740740741
2013-03-31,821,"1",90,0,62,5.07240931627343,0,5.07240931627343,13.8796296296297,74.1962962962963,4.55555555555556
2013-04-01,822,"2",91,0,64,5.16433309070515,0,5.16433309070515,13.7666666666667,74.3,10.4481481481481
2013-04-02,823,"3",92,0,55,8.32424949353716,0,8.32424949353716,13.2537037037038,73.9185185185185,0
2013-04-03,824,"4",93,0,55,8.60291605409271,0,8.60291605409271,13.075925925926,73.6981481481481,0
2013-04-04,825,"5",94,0,55,4.92319643505234,0,4.92319643505234,13.0481481481482,77.2407407407407,8.85925925925926
2013-04-05,826,"6",95,0,50,5.60978491995275,0,5.60978491995275,13.7574074074074,76.2537037037037,0.0333333333333333
2013-04-06,827,"7",96,0,58,6.11261923909017,0,6.11261923909017,13.5240740740741,75.4,0.303703703703704
2013-04-07,828,"1",97,0,52,6.21541815602542,0,6.21541815602542,13.3796296296297,76.2018518518519,0
2013-04-08,829,"2",98,0,64,7.00650037761218,0,7.00650037761218,12.9648148148149,68.387037037037,0.9
2013-04-09,830,"3",99,0,54,6.94620803685523,0,6.94620803685523,13.7444444444444,63.4518518518519,0
2013-04-10,831,"4",100,0,43,9.65711689729791,0,9.65711689729791,14.8925925925926,65.437037037037,0
2013-04-11,832,"5",101,0,47,6.91636106393589,0,6.91636106393589,13.9166666666667,74.2222222222222,0
2013-04-12,833,"6",102,0,38,9.29603463571914,0,9.29603463571914,13.0481481481482,73.6759259259259,0
2013-04-13,834,"7",103,0,48,8.1534334208542,0,8.1534334208542,13.2148148148149,73.1666666666667,0
2013-04-14,835,"1",104,0,55,7.91004349367917,0,7.91004349367917,12.7722222222222,69.8222222222222,0
2013-04-15,836,"2",105,0,57,6.35486883993027,0,6.35486883993027,12.1333333333333,69.3185185185185,0
2013-04-16,837,"3",106,0,63,7.85292927625015,0,7.85292927625015,12.4685185185185,62.6185185185185,0
2013-04-17,838,"4",107,0,55,6.85911700097026,0,6.85911700097026,12.4518518518519,62.6555555555556,0
2013-04-18,839,"5",108,0,43,8.17568608938688,0,8.17568608938688,12.6555555555556,65.6462962962963,0
2013-04-19,840,"6",109,0,46,9.6691388584948,0,9.6691388584948,13.1425925925926,70.2074074074074,0
2013-04-20,841,"7",110,0,47,10.390717906321,0,10.390717906321,14.0222222222222,68.1796296296296,0
2013-04-21,842,"1",111,0,36,10.2785717916996,0,10.2785717916996,13.7740740740741,69.3055555555556,0
2013-04-22,843,"2",112,0,66,12.2002241294497,0,12.2002241294497,15.4111111111112,63.1777777777778,0
2013-04-23,844,"3",113,0,51,11.684290632662,0,11.684290632662,15.1648148148148,62.1685185185185,0
2013-04-24,845,"4",114,0,38,10.7300694249919,0,10.7300694249919,13.0314814814815,71.3444444444444,0
2013-04-25,846,"5",115,0,52,10.0031383559265,0,10.0031383559265,12.9222222222222,72.6740740740741,0
2013-04-26,847,"6",116,0,48,11.0599182066413,0,11.0599182066413,13.437037037037,70.9851851851852,0
2013-04-27,848,"7",117,0,43,9.94069274878345,0,9.94069274878345,13.5296296296297,70.95,0
2013-04-28,849,"1",118,0,49,10.0354897705345,0,10.0354897705345,13.7592592592593,72.0777777777778,0
2013-04-29,850,"2",119,0,54,10.4645670220556,0,10.4645670220556,14.3851851851852,71.287037037037,0
2013-04-30,851,"3",120,0,41,9.79756979856035,0,9.79756979856035,14.4611111111111,69.612962962963,0
2013-05-01,852,"4",121,0,34,11.421378139704,0,11.421378139704,15.6833333333334,55.4907407407407,0
2013-05-02,853,"5",122,0,45,11.5215049699732,3.32340159424005,8.1981033757331,18.2833333333333,45.85,0.0444444444444444
2013-05-03,854,"6",123,0,42,12.3581118102633,4.32555169132209,8.03256011894119,17.1018518518518,46.112962962963,0
2013-05-04,855,"7",124,0,52,13.3961439283596,0,13.3961439283596,15.4648148148149,63.4037037037037,0
2013-05-05,856,"1",125,0,56,7.63358382054883,0,7.63358382054883,14.312962962963,70.6314814814815,0
2013-05-06,857,"2",126,0,66,6.39615806252416,0,6.39615806252416,15.087037037037,69.3518518518519,0
2013-05-07,858,"3",127,0,67,6.85865095044629,0,6.85865095044629,14.8481481481482,70.7574074074074,0
2013-05-08,859,"4",128,0,53,7.32735841402877,0,7.32735841402877,13.8185185185185,73.8314814814815,0
2013-05-09,860,"5",129,0,41,8.45421542252784,0,8.45421542252784,14.2314814814815,72.2740740740741,0
2013-05-10,861,"6",130,0,44,9.60083595660247,0,9.60083595660247,13.9870370370371,73.2462962962963,0
2013-05-11,862,"7",131,0,47,10.0014394286565,0,10.0014394286565,14.9925925925926,70.562962962963,0
2013-05-12,863,"1",132,0,44,8.91589381039234,0,8.91589381039234,15.8944444444444,70.1518518518519,0
2013-05-13,864,"2",133,0,44,8.61494760983875,0,8.61494760983875,15.8981481481482,70.9796296296296,0
2013-05-14,865,"3",134,0,48,8.92831353357342,0,8.92831353357342,15.4574074074074,71.1351851851852,0
2013-05-15,866,"4",135,0,45,9.53970088896707,0,9.53970088896707,14.6888888888889,69.887037037037,0
2013-05-16,867,"5",136,0,41,6.35483657295897,0,6.35483657295897,14.962962962963,71.9611111111111,0
2013-05-17,868,"6",137,0,35,5.92560644741727,0,5.92560644741727,13.8314814814815,73.6203703703704,0
2013-05-18,869,"7",138,0,38,8.55314228341086,0,8.55314228341086,14.3074074074074,69.6,0
2013-05-19,870,"1",139,0,38,7.66408175439276,0,7.66408175439276,15.2907407407407,68.687037037037,0
2013-05-20,871,"2",140,0,37,11.4563790565315,0,11.4563790565315,15.9018518518519,65.2740740740741,0
2013-05-21,872,"3",141,0,42,8.99504737167885,0,8.99504737167885,14.5425925925927,70.8277777777778,0
2013-05-22,873,"4",142,0,45,7.92130474601802,0,7.92130474601802,13.825925925926,62.0018518518519,0
2013-05-23,874,"5",143,0,40,6.74007478051762,0,6.74007478051762,14.0555555555555,65.1888888888889,0
2013-05-24,875,"6",144,0,38,7.56577152385361,0,7.56577152385361,14.1092592592593,68.3888888888889,0
2013-05-25,876,"7",145,0,48,8.70193615510945,0,8.70193615510945,13.5185185185185,70.5462962962963,0
2013-05-26,877,"1",146,0,39,6.43641344212998,0,6.43641344212998,14.3481481481482,72.4222222222222,0
2013-05-27,878,"2",147,0,69,4.90839014682112,0,4.90839014682112,13.2685185185185,76.5611111111111,0.525925925925926
2013-05-28,879,"3",148,0,54,5.30243501444325,0,5.30243501444325,15.1388888888889,73.9888888888889,0.933333333333333
2013-05-29,880,"4",149,0,40,6.19520984240226,0,6.19520984240226,14.8481481481481,74.3518518518519,0.0703703703703704
2013-05-30,881,"5",150,0,32,9.20412713149,0,9.20412713149,13.9666666666667,72.1944444444445,0
2013-05-31,882,"6",151,0,41,11.3007420478731,0,11.3007420478731,14.5055555555556,68.462962962963,0
2013-06-01,883,"7",152,0,40,11.5255571767729,0,11.5255571767729,15.3166666666667,67.7222222222222,0
2013-06-02,884,"1",153,0,33,9.35847206665841,0,9.35847206665841,15.4703703703704,70.3240740740741,0
2013-06-03,885,"2",154,0,40,7.74001926053373,0,7.74001926053373,15.1666666666667,72.912962962963,0
2013-06-04,886,"3",155,0,40,7.11102039924474,0,7.11102039924474,14.8944444444445,72.8722222222222,0
2013-06-05,887,"4",156,0,52,7.31819458877878,0,7.31819458877878,15.0611111111111,72.312962962963,0
2013-06-06,888,"5",157,0,38,7.49276051744555,0,7.49276051744555,15.3833333333333,72.05,0
2013-06-07,889,"6",158,0,32,8.56281858537297,0,8.56281858537297,16.262962962963,70.0092592592593,0
2013-06-08,890,"7",159,0,33,8.96973159484664,0,8.96973159484664,17.5259259259259,67.0888888888889,0
2013-06-09,891,"1",160,0,40,6.03904976564873,0,6.03904976564873,15.3000000000001,76.0907407407407,0
2013-06-10,892,"2",161,0,48,5.64228755028386,0,5.64228755028386,14.8814814814815,74.6833333333333,0
2013-06-11,893,"3",162,0,26,8.4233751857982,0,8.4233751857982,14.762962962963,72.0240740740741,0
2013-06-12,894,"4",163,0,35,8.61070050358823,0,8.61070050358823,14.8425925925926,70.6833333333333,0
2013-06-13,895,"5",164,0,40,8.89272683623519,0,8.89272683623519,14.8759259259259,68.1981481481482,0
2013-06-14,896,"6",165,0,33,10.1106214201707,0,10.1106214201707,15.3148148148148,66.8055555555556,0
2013-06-15,897,"7",166,0,46,9.32268761891238,0,9.32268761891238,14.7166666666667,69.9425925925926,0
2013-06-16,898,"1",167,0,46,9.35317116279501,0,9.35317116279501,15.2574074074074,69.3722222222222,0
2013-06-17,899,"2",168,0,54,7.79798901159097,0,7.79798901159097,15.3833333333333,69.5722222222222,0
2013-06-18,900,"3",169,0,38,5.77782263372048,0,5.77782263372048,14.7333333333333,73.9851851851852,0
2013-06-19,901,"4",170,0,39,6.01519551815772,0,6.01519551815772,14.9851851851852,70.1314814814815,0
2013-06-20,902,"5",171,0,33,7.69765518835835,0,7.69765518835835,15.2018518518519,68.6685185185185,0
2013-06-21,903,"6",172,0,39,9.28775253194365,0,9.28775253194365,15.3833333333333,68.9148148148148,0
2013-06-22,904,"7",173,0,37,10.4890741777874,0,10.4890741777874,15.7814814814815,67.9148148148148,0
2013-06-23,905,"1",174,0,46,6.67302748378447,0,6.67302748378447,15.0370370370371,76.6185185185185,0
2013-06-24,906,"2",175,0,35,4.34319154485624,0,4.34319154485624,15.25,79.9907407407407,2.15555555555556
2013-06-25,907,"3",176,0,34,4.08160105870301,0,4.08160105870301,15.6462962962963,78.8240740740741,3.47407407407407
2013-06-26,908,"4",177,0,27,5.01606695083494,0,5.01606695083494,18.0407407407407,74.5074074074074,0
2013-06-27,909,"5",178,0,27,7.43150375559718,0,7.43150375559718,18.0351851851852,73.8018518518519,0
2013-06-28,910,"6",179,0,39,8.5704371601444,0,8.5704371601444,17.9,70.6240740740741,0
2013-06-29,911,"7",180,0,41,9.38218209291589,0,9.38218209291589,18.1333333333333,69.0166666666667,0
2013-06-30,912,"1",181,0,36,8.22907255199945,1.48300943811545,6.74606311388401,17.5592592592593,72.4962962962963,0
2013-07-01,913,"2",182,0,42,7.28676829679336,0.62559391694758,6.66117437984578,17.2481481481482,74.0814814814815,0
2013-07-02,914,"3",183,0,44,8.63692171091292,1.29561167073898,7.34131004017395,17.7870370370371,75.5333333333333,0
2013-07-03,915,"4",184,0,35,8.1588670106925,0.706830692328172,7.45203631836432,17.3944444444444,78.2,0
2013-07-04,916,"5",185,0,27,7.03655296910832,0,7.03655296910832,18.0685185185185,75.487037037037,0
2013-07-05,917,"6",186,0,44,8.0387910454779,0,8.0387910454779,16.6092592592593,78.4074074074074,0
2013-07-06,918,"7",187,0,30,6.3965172923736,0,6.3965172923736,16.2925925925927,80.3555555555556,0
2013-07-07,919,"1",188,0,32,5.39050883770475,0,5.39050883770475,16.3888888888889,78.3407407407407,0
2013-07-08,920,"2",189,0,27,5.41343227245072,0,5.41343227245072,16.3944444444445,78.0148148148148,0
2013-07-09,921,"3",190,0,31,7.0257730911929,0,7.0257730911929,16.8055555555555,76.262962962963,0
2013-07-10,922,"4",191,0,31,7.07704010911273,0,7.07704010911273,16.7925925925926,75.3018518518519,0
2013-07-11,923,"5",192,0,27,6.55265927822573,0,6.55265927822573,15.9166666666667,78.6259259259259,0
2013-07-12,924,"6",193,0,21,6.28033784253439,0,6.28033784253439,15.5777777777778,77.5796296296296,0
2013-07-13,925,"7",194,0,33,9.05586539342448,0,9.05586539342448,15.7685185185186,76.4833333333333,0
2013-07-14,926,"1",195,0,38,6.18050656594044,0,6.18050656594044,15.7907407407407,74.4703703703704,0
2013-07-15,927,"2",196,0,28,6.25539907754382,0,6.25539907754382,14.8203703703704,77.9537037037037,0
2013-07-16,928,"3",197,0,34,4.83014482191628,0,4.83014482191628,15.1888888888889,78.7148148148148,0
2013-07-17,929,"4",198,0,24,6.85726832315112,0,6.85726832315112,15.9981481481482,76.3185185185185,0
2013-07-18,930,"5",199,0,26,7.02370081294154,0,7.02370081294154,15.7574074074074,74.8055555555556,0
2013-07-19,931,"6",200,0,32,9.82583209787918,2.22549241819049,7.60033967968869,16.0351851851852,74.8388888888889,0
2013-07-20,932,"7",201,0,33,8.63459066181012,0.972830884676454,7.66175977713366,16.2074074074075,75.3388888888889,0
2013-07-21,933,"1",202,0,33,6.4157057750098,0.0801968875837717,6.33550888742603,16.3611111111111,75.0148148148148,0
2013-07-22,934,"2",203,0,40,6.0992601739994,0,6.0992601739994,16.4055555555556,74.8833333333333,0
2013-07-23,935,"3",204,0,28,6.72820698918515,0,6.72820698918515,16.4685185185185,77.8851851851852,0
2013-07-24,936,"4",205,0,27,7.46549815649525,0,7.46549815649525,16.9018518518519,75.6888888888889,0
2013-07-25,937,"5",206,0,27,6.37033002506145,0,6.37033002506145,16.4111111111112,74.262962962963,0
2013-07-26,938,"6",207,0,30,6.27825029619621,0.247643296963322,6.03060699923289,16.3092592592593,73.5111111111111,0
2013-07-27,939,"7",208,0,35,7.04980328382136,0,7.04980328382136,16.1666666666667,73.0092592592593,0
2013-07-28,940,"1",209,0,34,7.91998477133791,0.929425539381944,6.99055923195597,15.9185185185186,73.6981481481481,0
2013-07-29,941,"2",210,0,42,11.4462945690945,4.36898320774109,7.07731136135343,15.3203703703704,75.8740740740741,0
2013-07-30,942,"3",211,0,35,10.3800146857487,3.43210257836858,6.94791210738017,15.5259259259259,75.8351851851852,0
2013-07-31,943,"4",212,0,29,7.41501636532944,0,7.41501636532944,15.6111111111111,74.8703703703704,0
2013-08-01,944,"5",213,0,31,6.77839658935741,0,6.77839658935741,15.4092592592593,77.2296296296296,0
2013-08-02,945,"6",214,0,28,7.91716425757516,0,7.91716425757516,15.6148148148148,73.7166666666667,0
2013-08-03,946,"7",215,0,28,6.96129137975463,0,6.96129137975463,15.8074074074075,73.4074074074074,0
2013-08-04,947,"1",216,0,29,8.80730625583525,2.4236557357405,6.38365052009475,15.3000000000001,74.7388888888889,0
2013-08-05,948,"2",217,0,33,5.98915952495489,0,5.98915952495489,15.1833333333334,74.9518518518519,0
2013-08-06,949,"3",218,0,42,6.02705565102327,0,6.02705565102327,15.4981481481482,74.3851851851852,0
2013-08-07,950,"4",219,0,32,6.23527862671536,0.550637575990958,5.68464105072441,15.3481481481482,76.4814814814815,0.0444444444444445
2013-08-08,951,"5",220,0,39,6.01900056614686,0.352900331733313,5.66610023441354,15.4203703703704,77.5574074074074,0.688888888888889
2013-08-09,952,"6",221,0,27,7.89340741788674,1.20561315615772,6.68779426172902,15.1944444444445,78.0703703703704,1.52592592592593
2013-08-10,953,"7",222,0,30,5.94463153946125,0,5.94463153946125,15.8037037037037,76.6185185185185,0
2013-08-11,954,"1",223,0,22,5.80778555610322,0,5.80778555610322,15.8703703703704,76.4148148148148,0
2013-08-12,955,"2",224,0,33,6.63532625475579,0,6.63532625475579,15.8444444444444,74.0814814814815,0
2013-08-13,956,"3",225,0,45,7.30444608406753,0,7.30444608406753,15.937037037037,73.7925925925926,0
2013-08-14,957,"4",226,0,42,7.53497232660519,0,7.53497232660519,16.7518518518519,73.5092592592593,0
2013-08-15,958,"5",227,0,27,5.93788140848659,0,5.93788140848659,17.85,74.2925925925926,0
2013-08-16,959,"6",228,0,31,6.25541937008964,0,6.25541937008964,17.3796296296297,75.0185185185185,0
2013-08-17,960,"7",229,0,42,6.51317767067468,0,6.51317767067468,17.6037037037037,74.6648148148148,0
2013-08-18,961,"1",230,0,44,6.53508557514812,0.0537688506241955,6.48131672452392,17.5722222222223,74.737037037037,0
2013-08-19,962,"2",231,0,35,8.62393222825794,1.44044646252291,7.18348576573503,17.3166666666667,75.4740740740741,0
2013-08-20,963,"3",232,0,30,7.55070700457039,1.08768593985133,6.46302106471906,17.7111111111111,73.487037037037,0
2013-08-21,964,"4",233,0,22,6.42512317540573,0,6.42512317540573,16.7648148148148,75.3962962962963,0
2013-08-22,965,"5",234,0,26,6.09320933120637,0,6.09320933120637,17.0814814814815,73.9925925925926,0
2013-08-23,966,"6",235,0,29,6.92803821989554,0,6.92803821989554,16.6537037037037,75.6333333333333,0
2013-08-24,967,"7",236,0,31,6.33787721340238,0,6.33787721340238,16.8314814814815,76.2592592592593,0
2013-08-25,968,"1",237,0,44,4.55625284074368,0,4.55625284074368,17.3814814814815,75.1018518518519,0
2013-08-26,969,"2",238,0,33,5.39821485618076,0,5.39821485618076,16.5222222222222,76.8944444444444,0
2013-08-27,970,"3",239,0,36,6.43890529691472,0,6.43890529691472,16.7833333333333,75.4240740740741,0
2013-08-28,971,"4",240,0,37,6.07754781607438,0,6.07754781607438,17.0500000000001,77.6666666666667,0.448148148148148
2013-08-29,972,"5",241,0,35,5.32288806937313,0,5.32288806937313,17.6444444444445,76.437037037037,0
2013-08-30,973,"6",242,0,38,5.78602347711377,0,5.78602347711377,18.1481481481482,75.7703703703704,0
2013-08-31,974,"7",243,0,33,6.89476968173,0,6.89476968173,17.7685185185185,74.8518518518519,0
2013-09-01,975,"1",244,0,63,6.96774847035365,0,6.96774847035365,17.7037037037037,74.7166666666667,0
2013-09-02,976,"2",245,0,51,6.36755241742482,0,6.36755241742482,18.8407407407408,73.5259259259259,0
2013-09-03,977,"3",246,0,48,5.95196743201395,0,5.95196743201395,17.925925925926,75.7185185185185,0
2013-09-04,978,"4",247,0,36,6.48273585177512,0,6.48273585177512,17.9351851851852,73.7055555555556,0
2013-09-05,979,"5",248,0,42,6.01799689415841,0,6.01799689415841,17.8611111111111,73.5962962962963,0
2013-09-06,980,"6",249,0,37,6.37220058838062,0,6.37220058838062,18.5166666666667,70.5166666666667,0
2013-09-07,981,"7",250,0,44,11.6153784038875,0,11.6153784038875,19.5740740740741,66.0666666666667,0
2013-09-08,982,"1",251,0,46,10.1745197632624,3.18702562774582,6.98749413551656,19.1074074074074,68.2407407407407,0
2013-09-09,983,"2",252,0,41,9.12520457839202,2.53329293211777,6.59191164627426,19.2759259259259,68.9222222222222,0
2013-09-10,984,"3",253,0,57,9.27445290088983,2.9051495390295,6.36930336186033,18.6851851851852,72.9592592592593,0
2013-09-11,985,"4",254,0,44,7.43198592388211,0,7.43198592388211,18.4944444444445,72.8574074074074,0
2013-09-12,986,"5",255,0,33,7.69926621402983,0.0754097023030626,7.62385651172677,18.3018518518519,73.7388888888889,0
2013-09-13,987,"6",256,0,46,6.90825864605694,0,6.90825864605694,18.2185185185185,74.1296296296296,0
2013-09-14,988,"7",257,0,39,7.08546203979848,0,7.08546203979848,17.8,73.2222222222222,0
2013-09-15,989,"1",258,0,36,6.12059237629386,0,6.12059237629386,17.2648148148148,73.3981481481482,0
2013-09-16,990,"2",259,0,45,7.00605916490599,0,7.00605916490599,17.6981481481482,74.3962962962963,0
2013-09-17,991,"3",260,0,45,6.48861881883956,0,6.48861881883956,17.1370370370371,74.8481481481482,0
2013-09-18,992,"4",261,0,41,6.20458374082718,0,6.20458374082718,17.2962962962963,71.7148148148148,0
2013-09-19,993,"5",262,0,47,8.73662059747862,0,8.73662059747862,17.2407407407408,69.7592592592593,0
2013-09-20,994,"6",263,0,41,6.75646465252767,0,6.75646465252767,16.8481481481482,73.4777777777778,0
2013-09-21,995,"7",264,0,48,3.74701173278962,0,3.74701173278962,16.9074074074074,79.3277777777778,16.3333333333333
2013-09-22,996,"1",265,0,44,5.06227628274691,0,5.06227628274691,16.8037037037037,75.9740740740741,0
2013-09-23,997,"2",266,0,48,5.87447741509381,0,5.87447741509381,17.5796296296297,71.4555555555556,0
2013-09-24,998,"3",267,0,54,6.74001840562878,0,6.74001840562878,17.3611111111111,75.2314814814815,0
2013-09-25,999,"4",268,0,32,6.01537569472066,0,6.01537569472066,16.7037037037038,71.1240740740741,0
2013-09-26,1000,"5",269,0,43,6.49046361877589,0,6.49046361877589,16.8296296296296,67.137037037037,0
2013-09-27,1001,"6",270,0,40,7.62164833056741,0,7.62164833056741,16.95,64.8277777777778,0
2013-09-28,1002,"7",271,0,43,9.33440441748791,0,9.33440441748791,16.9833333333333,67.337037037037,0
2013-09-29,1003,"1",272,0,40,6.20457967426605,0,6.20457967426605,17.075925925926,73.5425925925926,0
2013-09-30,1004,"2",273,0,58,5.53513394332295,0,5.53513394332295,17.9518518518519,75.9537037037037,0
2013-10-01,1005,"3",274,0,32,7.46600557357527,0,7.46600557357527,16.9537037037037,74.7425925925926,0
2013-10-02,1006,"4",275,0,44,8.38200646013147,0,8.38200646013147,16.9814814814815,66.562962962963,0
2013-10-03,1007,"5",276,0,34,7.97536943354358,0.828444776084531,7.14692465745905,16.8185185185185,62.1314814814815,0
2013-10-04,1008,"6",277,0,34,11.1318665334262,3.88884278491447,7.24302374851168,17.924074074074,50.6592592592593,0
2013-10-05,1009,"7",278,0,38,8.78432665977129,0,8.78432665977129,19.912962962963,36.3537037037037,0
2013-10-06,1010,"1",279,0,34,12.0807599202867,0,12.0807599202867,19.7611111111112,24.0759259259259,0
2013-10-07,1011,"2",280,0,44,11.490975214139,0,11.490975214139,17.05,51.8240740740741,0
2013-10-08,1012,"3",281,0,33,9.97223300919993,0,9.97223300919993,16.0296296296297,67.237037037037,0
2013-10-09,1013,"4",282,0,38,8.12654657699012,0,8.12654657699012,15.9148148148148,67.0703703703704,0
2013-10-10,1014,"5",283,0,41,9.61757036062885,0,9.61757036062885,15.6518518518519,67.462962962963,0
2013-10-11,1015,"6",284,0,36,11.1346649559348,0,11.1346649559348,14.9314814814815,70.9092592592593,0
2013-10-12,1016,"7",285,0,43,9.54245679748944,0,9.54245679748944,14.6,70.6314814814815,0
2013-10-13,1017,"1",286,0,44,6.33383462634012,0,6.33383462634012,15.2407407407408,68.9166666666667,0
2013-10-14,1018,"2",287,0,44,10.8914010917408,0,10.8914010917408,15.9925925925926,62.012962962963,0
2013-10-15,1019,"3",288,0,52,10.8598745280366,0,10.8598745280366,16.9037037037037,54.0888888888889,0
2013-10-16,1020,"4",289,0,47,11.2620184071156,0,11.2620184071156,18.0574074074074,45.1351851851852,0
2013-10-17,1021,"5",290,0,50,11.59566429585,0,11.59566429585,17.5611111111111,41.812962962963,0
2013-10-18,1022,"6",291,0,40,13.1689348572871,0,13.1689348572871,15.8796296296297,60.25,0
2013-10-19,1023,"7",292,0,49,12.1061158589605,0,12.1061158589605,15.4555555555556,62.7925925925926,0
2013-10-20,1024,"1",293,0,42,12.7854017297166,0,12.7854017297166,14.5,65.9592592592593,0
2013-10-21,1025,"2",294,0,46,12.6558064488161,0,12.6558064488161,14.5240740740741,67.8018518518519,0
2013-10-22,1026,"3",295,0,50,13.2346377618968,0,13.2346377618968,14.0740740740741,68.75,0
2013-10-23,1027,"4",296,0,38,12.1835852274073,0,12.1835852274073,14.0777777777778,68.1166666666667,0
2013-10-24,1028,"5",297,0,36,10.8926276263469,0,10.8926276263469,13.6018518518518,69.7240740740741,0
2013-10-25,1029,"6",298,0,37,12.3297551199955,0,12.3297551199955,13.8555555555556,67.4555555555556,0
2013-10-26,1030,"7",299,0,53,11.6691416836265,0,11.6691416836265,14.7870370370371,65.9925925925926,0
2013-10-27,1031,"1",300,0,60,9.46467680192932,0,9.46467680192932,13.6666666666667,71.2888888888889,0
2013-10-28,1032,"2",301,0,57,7.54172223568353,0,7.54172223568353,13.3666666666667,72.3703703703704,0
2013-10-29,1033,"3",302,0,46,9.29456849948599,1.53372819657623,7.76084030290977,13.5537037037037,71.6611111111111,0
2013-10-30,1034,"4",303,0,36,9.26837080382835,0,9.26837080382835,12.8685185185186,71.0814814814815,0
2013-10-31,1035,"5",304,0,39,10.7648437035267,0.323235840383485,10.4416078631432,12.8851851851852,70.3555555555556,0
2013-11-01,1036,"6",305,0,43,12.4741977613033,0,12.4741977613033,14.0277777777778,67.812962962963,0
2013-11-02,1037,"7",306,0,47,14.4996545039359,0,14.4996545039359,13.8592592592593,68.8092592592593,0
2013-11-03,1038,"1",307,0,37,8.28041854279125,0,8.28041854279125,13.6333333333333,65.4814814814815,0
2013-11-04,1039,"2",308,0,44,6.17200961486478,0,6.17200961486478,13.3537037037037,61.7574074074074,0
2013-11-05,1040,"3",309,0,38,10.1769114031909,0,10.1769114031909,14.0944444444444,58.5833333333333,0
2013-11-06,1041,"4",310,0,48,16.1059219622763,0,16.1059219622763,15.0722222222223,59.4055555555556,0
2013-11-07,1042,"5",311,0,60,15.0027020213896,0,15.0027020213896,14.5185185185185,63.5648148148148,0
2013-11-08,1043,"6",312,0,57,10.0128668705573,0,10.0128668705573,13.8055555555555,69.4111111111111,0
2013-11-09,1044,"7",313,0,45,17.5700151807335,6.41084004268274,11.1591751380508,12.9759259259259,68.4333333333333,0
2013-11-10,1045,"1",314,0,50,17.528638509292,0,17.528638509292,13.1537037037037,69.6037037037037,0
2013-11-11,1046,"2",315,0,54,18.7653489484132,0,18.7653489484132,12.6462962962963,70.4685185185185,0
2013-11-12,1047,"3",316,0,57,12.5415128036663,0,12.5415128036663,14.862962962963,63.6203703703704,0
2013-11-13,1048,"4",317,0,61,13.3667039403385,0,13.3667039403385,14.937037037037,65.162962962963,0
2013-11-14,1049,"5",318,0,52,10.8377266453313,0,10.8377266453313,13.5166666666667,72.0425925925926,0
2013-11-15,1050,"6",319,0,41,7.49115742486618,0,7.49115742486618,12.9592592592593,70.1092592592593,0
2013-11-16,1051,"7",320,0,44,6.80760034666227,0,6.80760034666227,13.0388888888889,68.9722222222222,0
2013-11-17,1052,"1",321,0,41,8.28301525161455,0,8.28301525161455,12.4870370370371,72.7537037037037,0
2013-11-18,1053,"2",322,0,51,10.7583563416177,0,10.7583563416177,12.075925925926,71.1666666666667,0
2013-11-19,1054,"3",323,0,36,6.26332488514538,0,6.26332488514538,13.0055555555556,75.012962962963,3.35555555555556
2013-11-20,1055,"4",324,0,39,7.40852737560711,0,7.40852737560711,13.8277777777778,77.037037037037,24.8555555555556
2013-11-21,1056,"5",325,0,37,6.61804688942366,0.254695298326194,6.36335159109746,13.0574074074074,73.2888888888889,0
2013-11-22,1057,"6",326,0,49,5.18219126025976,1,4.18219126025976,13.4388888888889,45.5055555555556,0
2013-11-23,1058,"7",327,0,60,10.4049825386794,0,10.4049825386794,13.4444444444445,44.5907407407407,0
2013-11-24,1059,"1",328,0,61,15.5421977950491,0,15.5421977950491,12.2814814814815,60.4092592592593,0
2013-11-25,1060,"2",329,0,43,16.5351827616668,0,16.5351827616668,11.312962962963,69.212962962963,0
2013-11-26,1061,"3",330,0,59,18.4588773786443,0,18.4588773786443,12.6962962962963,63.9833333333333,0
2013-11-27,1062,"4",331,0,57,18.8827010307088,0,18.8827010307088,12.8703703703704,67.3685185185185,0
2013-11-28,1063,"5",332,0,41,18.6898775055368,0,18.6898775055368,13.4703703703704,67.3703703703704,0
2013-11-29,1064,"6",333,0,66,17.1414043911125,0,17.1414043911125,13.962962962963,65.8203703703704,0
2013-11-30,1065,"7",334,0,58,16.8321261343231,0,16.8321261343231,11.8481481481482,73.637037037037,0
2013-12-01,1066,"1",335,0,61,16.9553352739576,0,16.9553352739576,11.8703703703704,72.7111111111111,0
2013-12-02,1067,"2",336,0,61,12.6087005953172,0,12.6087005953172,12.4592592592593,76.7777777777778,0
2013-12-03,1068,"3",337,0,51,4.72651281291821,0,4.72651281291821,11.2833333333334,79.2240740740741,0
2013-12-04,1069,"4",338,0,56,6.0456844409375,0,6.0456844409375,8.9148148148148,59.2462962962963,0
2013-12-05,1070,"5",339,0,42,12.4729714121991,0,12.4729714121991,7.58333333333337,49.2388888888889,0
2013-12-06,1071,"6",340,0,38,11.5404868117611,0,11.5404868117611,8.69259259259263,56.0388888888889,0.503703703703704
2013-12-07,1072,"7",341,0,53,4.71460013166037,0,4.71460013166037,8.58703703703708,72.0833333333333,6.40740740740741
2013-12-08,1073,"1",342,0,54,9.0118106182855,0,9.0118106182855,5.85925925925926,55.4888888888889,0
2013-12-09,1074,"2",343,0,54,8.99483044939127,0,8.99483044939127,6.12777777777779,43.462962962963,0
2013-12-10,1075,"3",344,0,54,14.7792866919836,0,14.7792866919836,7.39629629629633,47.1277777777778,0
2013-12-11,1076,"4",345,0,51,17.0247805125058,0,17.0247805125058,8.73148148148152,53.4962962962963,0
2013-12-12,1077,"5",346,0,44,23.0926291851157,0,23.0926291851157,9.40185185185192,57.0851851851852,0
2013-12-13,1078,"6",347,0,47,14.9898938302787,0,14.9898938302787,9.07407407407408,75.2,0
2013-12-14,1079,"7",348,0,59,17.2362041362306,0,17.2362041362306,9.23148148148152,75.4888888888889,0
2013-12-15,1080,"1",349,0,64,20.7576330052394,0,20.7576330052394,10.3666666666667,65.2814814814815,0
2013-12-16,1081,"2",350,0,57,20.192389012525,0,20.192389012525,11.9092592592593,62.9833333333333,0
2013-12-17,1082,"3",351,0,70,26.8788492258144,0,26.8788492258144,12.2537037037038,57.8407407407407,0
2013-12-18,1083,"4",352,0,62,21.1030791570365,0,21.1030791570365,10.7111111111111,73.7611111111111,0
2013-12-19,1084,"5",353,0,85,5.03868995301154,0,5.03868995301154,10.9074074074074,72.2851851851852,0
2013-12-20,1085,"6",354,0,44,10.6258604974215,0,10.6258604974215,9.74814814814818,65.0166666666667,0
2013-12-21,1086,"7",355,0,75,12.800400961878,0,12.800400961878,10.7055555555556,71.962962962963,0
2013-12-22,1087,"1",356,0,87,18.9209991301818,0,18.9209991301818,9.97407407407411,76.5037037037037,0
2013-12-23,1088,"2",357,0,76,22.0728084006031,0,22.0728084006031,10.1611111111112,73.6037037037037,0
2013-12-24,1089,"3",358,0,73,20.6571684951037,0,20.6571684951037,11.2851851851852,71.3740740740741,0
2013-12-25,1090,"4",359,0,74,21.1391920387031,0,21.1391920387031,11.4851851851852,69.1222222222222,0
2013-12-26,1091,"5",360,0,99,23.3889775629276,0,23.3889775629276,11.825925925926,63.3185185185185,0
2013-12-27,1092,"6",361,0,75,24.9709673404744,0,24.9709673404744,11.8166666666667,58.0314814814815,0
2013-12-28,1093,"7",362,0,94,16.0683680574694,0,16.0683680574694,10.0185185185185,74.3833333333333,0
2013-12-29,1094,"1",363,0,87,18.8245740162469,0,18.8245740162469,11.1574074074074,64.0722222222222,0
2013-12-30,1095,"2",364,0,92,24.3435358121455,0,24.3435358121455,11.1425925925926,58.8833333333333,0
2013-12-31,1096,"3",365,0,92,20.2724254977952,0,20.2724254977952,11.1425925925926,68.4074074074074,0
2014-01-01,1097,"4",1,0,86,24.6766471107774,0,24.6766471107774,11.4055555555556,64.6907407407408,0
2014-01-02,1098,"5",2,0,89,22.2329051675029,0,22.2329051675029,12.7981481481482,61.0259259259259,0
2014-01-03,1099,"6",3,0,70,23.2811414183858,0,23.2811414183858,13.3648148148148,63.8703703703704,0
2014-01-04,1100,"7",4,0,99,16.8513102910786,0,16.8513102910786,13.1703703703704,66.1351851851852,0
2014-01-05,1101,"1",5,0,101,14.3185678890133,0,14.3185678890133,13.6796296296296,53.4759259259259,0
2014-01-06,1102,"2",6,0,80,25.5436975919093,0,25.5436975919093,11.8037037037037,54.0185185185185,0
2014-01-07,1103,"3",7,0,81,16.4916854602084,0,16.4916854602084,13.0314814814815,64.2185185185185,0.0444444444444445
2014-01-08,1104,"4",8,0,84,9.71357252422198,0,9.71357252422198,12.2407407407408,71.9222222222222,0.0444444444444444
2014-01-09,1105,"5",9,0,91,8.43587894674691,0,8.43587894674691,12.337037037037,70.0555555555556,0
2014-01-10,1106,"6",10,0,80,16.3233421507131,0,16.3233421507131,12.5074074074074,71.2166666666667,0
2014-01-11,1107,"7",11,0,72,13.7635760399107,0,13.7635760399107,10.6962962962963,82.6648148148148,0.448148148148148
2014-01-12,1108,"1",12,0,87,8.43967292846411,0,8.43967292846411,11.6666666666667,73.3611111111111,0
2014-01-13,1109,"2",13,0,110,12.3899137380173,0,12.3899137380173,13.9833333333333,56.5092592592593,0
2014-01-14,1110,"3",14,0,83,14.9572421626542,0,14.9572421626542,15.0666666666667,51.4351851851852,0
2014-01-15,1111,"4",15,0,76,14.0681760962744,0,14.0681760962744,16.3981481481482,43.7685185185185,0
2014-01-16,1112,"5",16,0,78,16.3054144218768,0,16.3054144218768,16.2314814814815,43.4851851851852,0
2014-01-17,1113,"6",17,0,77,23.495267242816,0,23.495267242816,14.3648148148148,47.7703703703704,0
2014-01-18,1114,"7",18,0,92,20.3512228546473,0,20.3512228546473,14.25,53.1444444444444,0
2014-01-19,1115,"1",19,0,76,19.8341778336194,0,19.8341778336194,13.8037037037037,56.0333333333333,0
2014-01-20,1116,"2",20,0,95,20.7946456458367,0,20.7946456458367,14.0740740740741,56.7481481481482,0
2014-01-21,1117,"3",21,0,80,16.627896500121,0,16.627896500121,13.7333333333333,59.3777777777778,0
2014-01-22,1118,"4",22,0,69,16.3800504469339,0,16.3800504469339,14.2388888888889,58.9962962962963,0
2014-01-23,1119,"5",23,0,74,15.6719502361828,0,15.6719502361828,14.3537037037037,58.1314814814815,0
2014-01-24,1120,"6",24,0,69,22.3330367303296,0,22.3330367303296,14.1203703703704,59.1444444444444,0
2014-01-25,1121,"7",25,0,83,20.8598345490175,0,20.8598345490175,15.5944444444445,59.9259259259259,0
2014-01-26,1122,"1",26,0,78,18.1164246622855,0,18.1164246622855,15.0851851851852,57.2,0
2014-01-27,1123,"2",27,0,79,19.1473254976787,0,19.1473254976787,12.2444444444445,70.2907407407407,0
2014-01-28,1124,"3",28,0,67,12.5577933213371,0,12.5577933213371,14.6740740740741,63.2888888888889,0
2014-01-29,1125,"4",29,0,72,9.59032446862733,0,9.59032446862733,14.4185185185186,73.8814814814815,2.73333333333333
2014-01-30,1126,"5",30,0,55,6.99504194126646,0,6.99504194126646,12.6685185185186,78.0944444444444,0
2014-01-31,1127,"6",31,0,57,5.1061979251887,0,5.1061979251887,11.7777777777778,70.4759259259259,0
2014-02-01,1128,"7",32,0,72,6.12595527185518,0,6.12595527185518,10.588888888889,64.6814814814815,3.61481481481482
2014-02-02,1129,"1",33,0,71,9.52645072039181,0,9.52645072039181,8.86666666666667,81.237037037037,2.74444444444444
2014-02-03,1130,"2",34,0,62,5.3187578347935,0,5.3187578347935,9.53333333333336,73.7574074074074,0
2014-02-04,1131,"3",35,0,60,7.01312975133866,0,7.01312975133866,9.2962962962963,76.5611111111111,0
2014-02-05,1132,"4",36,0,64,6.67831102645038,0,6.67831102645038,8.97777777777776,76.6796296296296,14.2037037037037
2014-02-06,1133,"5",37,0,49,6.04103413519709,0,6.04103413519709,9.85740740740744,85.1518518518519,4.89259259259259
2014-02-07,1134,"6",38,0,55,4.85864642640954,0,4.85864642640954,11.9666666666667,73.8259259259259,23.9962962962963
2014-02-08,1135,"7",39,0,60,3.74685823096613,0,3.74685823096613,13.3851851851853,80.0796296296296,28.4333333333333
2014-02-09,1136,"1",40,0,58,3.59149718905745,0,3.59149718905745,14.0388888888889,79.8037037037037,23.5037037037037
2014-02-10,1137,"2",41,0,50,5.31641640778413,0,5.31641640778413,13.0481481481481,81.7314814814815,0
2014-02-11,1138,"3",42,0,70,6.78753283415496,0,6.78753283415496,12.2648148148148,76.7222222222222,0
2014-02-12,1139,"4",43,0,62,11.2507117611278,0,11.2507117611278,12.2944444444445,74.5277777777778,0
2014-02-13,1140,"5",44,0,66,10.9903587800512,0,10.9903587800512,15.2351851851852,67.8111111111111,0.414814814814815
2014-02-14,1141,"6",45,0,72,10.7102656722306,0,10.7102656722306,14.8018518518519,74.3240740740741,0
2014-02-15,1142,"7",46,0,68,11.2418515368014,0,11.2418515368014,13.5703703703704,77.0425925925926,0.52962962962963
2014-02-16,1143,"1",47,0,63,5.80762455866583,0,5.80762455866583,13.0092592592592,77.3703703703704,0
2014-02-17,1144,"2",48,0,83,7.45154117188161,0,7.45154117188161,11.7833333333334,70.8277777777778,0
2014-02-18,1145,"3",49,0,60,7.67249488186792,0,7.67249488186792,13.0351851851852,73.9759259259259,0
2014-02-19,1146,"4",50,0,63,5.25817923353758,0,5.25817923353758,13.4037037037037,75.212962962963,0
2014-02-20,1147,"5",51,0,51,8.36628184249437,0,8.36628184249437,14.1148148148148,62.9166666666667,0
2014-02-21,1148,"6",52,0,59,11.6298695756732,0,11.6298695756732,15.0537037037037,61.9037037037037,0
2014-02-22,1149,"7",53,0,58,11.2647716815843,0,11.2647716815843,14.1685185185186,69.4,0
2014-02-23,1150,"1",54,0,58,11.3161401299303,0,11.3161401299303,13.8592592592593,69.7722222222222,0
2014-02-24,1151,"2",55,0,70,12.5191275839884,0,12.5191275839884,15.075925925926,64.6240740740741,0
2014-02-25,1152,"3",56,0,54,12.2268476678862,0,12.2268476678862,13.2259259259259,73.0685185185185,0.27037037037037
2014-02-26,1153,"4",57,0,61,7.34491308770118,0,7.34491308770118,13.7518518518519,73.5592592592593,19.0074074074074
2014-02-27,1154,"5",58,0,38,4.79498500547551,0,4.79498500547551,15.3648148148148,70.0296296296296,16.0185185185185
2014-02-28,1155,"6",59,0,45,5.17033234598183,0,5.17033234598183,14.2574074074074,72.6444444444444,9.83333333333333
2014-03-01,1156,"7",60,0,61,4.43851262494275,0,4.43851262494275,15.2574074074074,67.0685185185185,1.77407407407407
2014-03-02,1157,"1",61,0,67,4.80748520335522,0,4.80748520335522,13.3851851851852,78.6722222222222,1.13333333333333
2014-03-03,1158,"2",62,0,61,4.77521942029352,0,4.77521942029352,13.3796296296297,76.8537037037037,5.04814814814815
2014-03-04,1159,"3",63,0,58,5.70313746222588,0,5.70313746222588,14.5518518518519,74.8703703703704,0.655555555555556
2014-03-05,1160,"4",64,0,61,5.65522797549841,0,5.65522797549841,16.1055555555556,71.8407407407407,8.58148148148148
2014-03-06,1161,"5",65,0,59,5.53710678424254,0,5.53710678424254,14.6907407407408,77.3888888888889,0
2014-03-07,1162,"6",66,0,47,6.23276514659146,0,6.23276514659146,14.1425925925926,69.3611111111111,0
2014-03-08,1163,"7",67,0,57,9.37743813235454,0,9.37743813235454,15.8351851851852,62.5259259259259,0
2014-03-09,1164,"1",68,0,61,7.21273570482015,0,7.21273570482015,17.5981481481482,59.7740740740741,0.677777777777778
2014-03-10,1165,"2",69,0,49,6.44860636645227,0,6.44860636645227,15.8203703703704,70.6,0
2014-03-11,1166,"3",70,0,69,7.27032221683412,0,7.27032221683412,16.9277777777778,53.8592592592593,0
2014-03-12,1167,"4",71,0,51,5.92888299623921,0,5.92888299623921,18.5314814814815,43.062962962963,0
2014-03-13,1168,"5",72,0,47,9.1921521815899,0,9.1921521815899,17.0074074074074,51.9314814814815,0
2014-03-14,1169,"6",73,0,53,8.81381398760903,0,8.81381398760903,15.5796296296296,63.7351851851852,0
2014-03-15,1170,"7",74,0,59,8.92236695725551,0,8.92236695725551,17.9444444444445,60.4222222222222,0
2014-03-16,1171,"1",75,0,49,8.72232038147621,0,8.72232038147621,15.5425925925926,66.6907407407408,0
2014-03-17,1172,"2",76,0,50,6.93631273146511,0,6.93631273146511,14.4888888888889,68.8407407407408,0
2014-03-18,1173,"3",77,0,49,7.70345213943693,0,7.70345213943693,15.2888888888889,59.9314814814815,0
2014-03-19,1174,"4",78,0,60,8.86024805020559,0,8.86024805020559,16.2981481481482,60.1555555555556,0
2014-03-20,1175,"5",79,0,46,7.77804307443802,0,7.77804307443802,14.9,67.1759259259259,0
2014-03-21,1176,"6",80,0,49,8.69752568743578,0,8.69752568743578,13.338888888889,72.6722222222222,0
2014-03-22,1177,"7",81,0,64,8.92259919302903,0,8.92259919302903,13.362962962963,71.0888888888889,0
2014-03-23,1178,"1",82,0,67,8.67402458433766,0,8.67402458433766,13.2962962962963,71.1944444444445,0
2014-03-24,1179,"2",83,0,49,9.13325119658924,0,9.13325119658924,14.375925925926,66.95,0
2014-03-25,1180,"3",84,0,51,5.70345696994385,0,5.70345696994385,12.8592592592593,72.6703703703704,5.86296296296296
2014-03-26,1181,"4",85,0,44,4.10486263239687,0,4.10486263239687,13.2314814814815,77.4111111111111,14.2925925925926
2014-03-27,1182,"5",86,0,50,4.97660512980279,0,4.97660512980279,14.6074074074074,64.3444444444444,0
2014-03-28,1183,"6",87,0,44,5.36805678521177,0,5.36805678521177,16.1685185185186,64.0703703703704,0.0333333333333333
2014-03-29,1184,"7",88,0,48,4.18900577203713,0,4.18900577203713,12.9425925925926,82.6018518518518,19.5703703703704
2014-03-30,1185,"1",89,0,61,5.27776882927563,0,5.27776882927563,12.5111111111112,73.7925925925926,0
2014-03-31,1186,"2",90,0,57,3.75205133938732,0,3.75205133938732,10.7055555555556,80.5944444444444,19.7518518518519
2014-04-01,1187,"3",91,0,56,3.82636426092117,0,3.82636426092117,10.7981481481481,75.5203703703704,16.7666666666667
2014-04-02,1188,"4",92,0,51,5.30459412125915,0,5.30459412125915,11.4833333333333,69.1981481481481,0
2014-04-03,1189,"5",93,0,53,6.15027174108627,0,6.15027174108627,12.7666666666667,70.5888888888889,5.0037037037037
2014-04-04,1190,"6",94,0,46,4.17437010714234,0,4.17437010714234,12.1833333333334,75.3574074074074,2.50740740740741
2014-04-05,1191,"7",95,0,47,7.75802171794543,0,7.75802171794543,12.9037037037037,72.0759259259259,0
2014-04-06,1192,"1",96,0,48,7.38432303642015,0,7.38432303642015,16.3518518518518,64.7518518518519,0
2014-04-07,1193,"2",97,0,55,10.5530015940162,0,10.5530015940162,19.7666666666667,55.1981481481481,0
2014-04-08,1194,"3",98,0,48,10.3793029549764,0,10.3793029549764,18.2092592592593,61.9944444444445,0
2014-04-09,1195,"4",99,0,44,9.40255308866081,0,9.40255308866081,14.0055555555556,75.7388888888889,0
2014-04-10,1196,"5",100,0,49,10.3869652736801,0,10.3869652736801,15.7018518518519,67.1018518518519,0
2014-04-11,1197,"6",101,0,32,9.87224908159906,0,9.87224908159906,13.8833333333333,71.1722222222222,0
2014-04-12,1198,"7",102,0,59,8.54919601553495,0,8.54919601553495,14.2592592592592,71.0944444444444,0
2014-04-13,1199,"1",103,0,48,8.65584044747279,0,8.65584044747279,15.1388888888889,67.4685185185185,0
2014-04-14,1200,"2",104,0,56,10.1660859012145,0,10.1660859012145,15.4537037037037,64.487037037037,0
2014-04-15,1201,"3",105,0,48,9.58505862253036,0,9.58505862253036,14.7703703703704,67.8833333333333,0
2014-04-16,1202,"4",106,0,55,9.21884145150443,0,9.21884145150443,16.0351851851852,65.2944444444445,0
2014-04-17,1203,"5",107,0,51,9.55805335205066,0,9.55805335205066,14.7,70.6074074074074,0
2014-04-18,1204,"6",108,0,46,8.71845887889353,0,8.71845887889353,13.7388888888889,75.4685185185185,0
2014-04-19,1205,"7",109,0,33,8.21055335121666,0,8.21055335121666,13.3055555555556,73.7092592592593,0
2014-04-20,1206,"1",110,0,50,9.24735920732566,0,9.24735920732566,17.4240740740741,61.6222222222222,0
2014-04-21,1207,"2",111,0,49,8.85884575880186,0,8.85884575880186,14.462962962963,69.4944444444444,0.240740740740741
2014-04-22,1208,"3",112,0,45,6.33923194396784,0,6.33923194396784,12.7277777777778,72.5351851851852,0
2014-04-23,1209,"4",113,0,46,6.55683402668334,0,6.55683402668334,13.3962962962963,66.7425925925926,0
2014-04-24,1210,"5",114,0,44,5.4883518860315,0,5.4883518860315,14.4925925925926,65.5462962962963,1.93333333333333
2014-04-25,1211,"6",115,0,37,5.14294198120405,0,5.14294198120405,11.6333333333333,81.5240740740741,6.90740740740741
2014-04-26,1212,"7",116,0,46,5.6170488185541,0,5.6170488185541,12.012962962963,70.212962962963,0.4
2014-04-27,1213,"1",117,0,57,5.17988791314518,0,5.17988791314518,13.437037037037,71.5759259259259,0
2014-04-28,1214,"2",118,0,51,8.09208458468481,0,8.09208458468481,14.9240740740741,65.2574074074074,0
2014-04-29,1215,"3",119,0,42,9.11232691213437,0,9.11232691213437,20.3296296296297,49.4722222222222,0
2014-04-30,1216,"4",120,0,41,10.6975378645675,0,10.6975378645675,23.3481481481482,41.5481481481482,0
2014-05-01,1217,"5",121,0,50,9.40774368889753,0,9.40774368889753,22.1777777777778,40.0333333333333,0
2014-05-02,1218,"6",122,0,33,10.7562351742436,0,10.7562351742436,16.3722222222223,64.2740740740741,0
2014-05-03,1219,"7",123,0,45,6.74303428733877,0,6.74303428733877,14.2092592592593,73.3333333333333,0
2014-05-04,1220,"1",124,0,53,6.03186973334997,0,6.03186973334997,15.2462962962964,67.7740740740741,0
2014-05-05,1221,"2",125,0,52,5.6857268331705,0,5.6857268331705,14.1777777777778,73.9555555555556,0
2014-05-06,1222,"3",126,0,37,7.02965588453217,0,7.02965588453217,14.7425925925926,68.5037037037037,0
2014-05-07,1223,"4",127,0,25,6.8069569330566,0,6.8069569330566,13.3907407407407,76.7222222222222,0
2014-05-08,1224,"5",128,0,43,5.34937308394755,0,5.34937308394755,14.1111111111111,73.3518518518519,0.522222222222222
2014-05-09,1225,"6",129,0,39,4.9579699836663,0,4.9579699836663,14.2611111111112,81.4351851851852,0
2014-05-10,1226,"7",130,0,40,6.39466036024744,0,6.39466036024744,14.0611111111111,71.5185185185185,0
2014-05-11,1227,"1",131,0,48,7.30814426282868,0,7.30814426282868,17.412962962963,56.5574074074074,0
2014-05-12,1228,"2",132,0,59,8.58125102722644,0,8.58125102722644,19.4740740740741,53.9685185185185,0
2014-05-13,1229,"3",133,0,34,10.5905666768956,0,10.5905666768956,23.5240740740741,42.6074074074074,0
2014-05-14,1230,"4",134,0,52,10.0986914120469,0,10.0986914120469,24.3555555555556,34.2851851851852,0
2014-05-15,1231,"5",135,0,54,9.85109168033981,0,9.85109168033981,19.75,45.9407407407407,0
2014-05-16,1232,"6",136,0,34,10.0420475537382,0,10.0420475537382,15.7925925925926,65.5518518518519,0
2014-05-17,1233,"7",137,0,53,8.00035230316931,0,8.00035230316931,14.3277777777778,73.6518518518519,0
2014-05-18,1234,"1",138,0,46,5.99910552350876,0,5.99910552350876,14.9777777777778,70.9944444444445,0
2014-05-19,1235,"2",139,0,42,5.18994182930313,0,5.18994182930313,14.6240740740741,72.9740740740741,0
2014-05-20,1236,"3",140,0,47,6.47227010462557,0,6.47227010462557,15.325925925926,69.4388888888889,0
2014-05-21,1237,"4",141,0,49,8.87996482786336,0,8.87996482786336,15.7259259259259,72.3814814814815,0
2014-05-22,1238,"5",142,0,32,7.97101453566926,0,7.97101453566926,15.0981481481482,75.1833333333333,0
2014-05-23,1239,"6",143,0,49,7.70688748294682,0,7.70688748294682,15.0407407407407,75.8185185185185,0
2014-05-24,1240,"7",144,0,43,8.2890568792763,0,8.2890568792763,14.9037037037037,76.9296296296296,0
2014-05-25,1241,"1",145,0,62,9.15848648843711,0,9.15848648843711,16.9111111111112,68.0833333333333,0
2014-05-26,1242,"2",146,0,60,10.3712954197926,0,10.3712954197926,16.3203703703704,69.6444444444444,0
2014-05-27,1243,"3",147,0,47,9.6296468813437,0,9.6296468813437,15.0796296296296,73.2277777777778,0
2014-05-28,1244,"4",148,0,51,7.84067238034836,0,7.84067238034836,15.7981481481482,65.212962962963,0
2014-05-29,1245,"5",149,0,39,9.51126013817163,1.66048530348142,7.85077483469021,17.1703703703704,60.6777777777778,0
2014-05-30,1246,"6",150,0,33,8.4052764438093,0,8.4052764438093,13.0277777777778,77.5314814814815,0
2014-05-31,1247,"7",151,0,37,8.64889474862035,0,8.64889474862035,14.4592592592593,72.4092592592593,0
2014-06-01,1248,"1",152,0,33,8.58772347598629,0,8.58772347598629,14.9537037037037,71.1092592592593,0
2014-06-02,1249,"2",153,0,31,7.48733689807146,0,7.48733689807146,13.1777777777778,79.637037037037,0
2014-06-03,1250,"3",154,0,38,7.18764202442682,0,7.18764202442682,14.1425925925926,75.3092592592593,0
2014-06-04,1251,"4",155,0,47,8.61156517461709,0,8.61156517461709,15.8555555555556,68.8703703703704,0
2014-06-05,1252,"5",156,0,47,7.73172899341096,0,7.73172899341096,14.85,71.9888888888889,0
2014-06-06,1253,"6",157,0,31,7.90879947951971,0,7.90879947951971,14.7,72.4296296296296,0
2014-06-07,1254,"7",158,0,46,8.51222858565914,0,8.51222858565914,15.7759259259259,68.9425925925926,0
2014-06-08,1255,"1",159,0,44,10.4236457383708,0,10.4236457383708,19.5444444444445,59.0962962962963,0
2014-06-09,1256,"2",160,0,47,9.23727281110177,0.00621833465386896,9.2310544764479,18.6740740740741,61.3759259259259,0
2014-06-10,1257,"3",161,0,33,6.88420702837663,0,6.88420702837663,15.9703703703703,71.6296296296296,0
2014-06-11,1258,"4",162,0,40,7.47102578199772,0,7.47102578199772,14.9037037037037,76.5166666666667,0
2014-06-12,1259,"5",163,0,41,7.40242777031779,0,7.40242777031779,14.1092592592593,78.6314814814815,0
2014-06-13,1260,"6",164,0,30,7.85498585568119,0,7.85498585568119,16.5018518518519,66.9611111111111,0
2014-06-14,1261,"7",165,0,49,9.47723079605718,0,9.47723079605718,18.1222222222223,62.0388888888889,0
2014-06-15,1262,"1",166,0,54,8.39773922613185,0,8.39773922613185,14.9092592592593,73.3296296296296,0
2014-06-16,1263,"2",167,0,47,7.32785143508328,0,7.32785143508328,13.1555555555556,82.2796296296296,0
2014-06-17,1264,"3",168,0,42,6.82802073238152,0,6.82802073238152,15.2018518518519,70.337037037037,0
2014-06-18,1265,"4",169,0,36,8.31837865867491,0,8.31837865867491,18.75,57.7185185185185,0
2014-06-19,1266,"5",170,0,37,8.86187043397789,0,8.86187043397789,15.6092592592593,68.4,0
2014-06-20,1267,"6",171,0,34,9.0066785483378,0,9.0066785483378,16.9425925925926,64.9962962962963,0
2014-06-21,1268,"7",172,0,32,8.18404940832808,0,8.18404940832808,13.8685185185186,75.8703703703704,0
2014-06-22,1269,"1",173,0,31,9.14523352673807,0,9.14523352673807,14.3388888888889,72.6611111111111,0
2014-06-23,1270,"2",174,0,32,8.9106144555964,0,8.9106144555964,15.5851851851852,69.3444444444444,0
2014-06-24,1271,"3",175,0,40,8.25160377888673,0,8.25160377888673,15.9537037037037,68.75,0
2014-06-25,1272,"4",176,0,51,6.13229048817669,0,6.13229048817669,14.6907407407408,78.6222222222222,0
2014-06-26,1273,"5",177,0,34,4.33326134958709,0,4.33326134958709,15.8703703703704,74.662962962963,0
2014-06-27,1274,"6",178,0,25,5.58163216496903,0,5.58163216496903,16.5277777777778,70.4944444444445,0
2014-06-28,1275,"7",179,0,34,7.23450493169141,0,7.23450493169141,16.5870370370371,71.7555555555556,0
2014-06-29,1276,"1",180,0,47,9.17934974731733,0,9.17934974731733,18.7703703703704,60.4296296296296,0
2014-06-30,1277,"2",181,0,44,10.7638226465885,0,10.7638226465885,19.2074074074075,59.5685185185185,0
2014-07-01,1278,"3",182,0,30,5.85003911012248,0.186782218287718,5.66325689183476,16.5981481481482,72.8222222222222,0
2014-07-02,1279,"4",183,0,31,7.02721191179652,0.627837140032819,6.3993747717637,15.5351851851852,79.4,0
2014-07-03,1280,"5",184,0,41,7.82801549640822,1.08977036970038,6.73824512670784,15.4574074074075,80.2074074074074,0
2014-07-04,1281,"6",185,0,41,7.59274893795421,0.83071515321126,6.76203378474295,15.0185185185186,80.6851851851852,0
2014-07-05,1282,"7",186,0,38,7.41982601597876,0,7.41982601597876,15.8703703703704,74.7833333333333,0
2014-07-06,1283,"1",187,0,41,8.35299432340681,1.18712499437637,7.16586932903044,15.7240740740741,75.3277777777778,0
2014-07-07,1284,"2",188,0,37,5.47345754049955,0.293995351791633,5.17946218870792,16.0037037037038,78.1222222222222,0
2014-07-08,1285,"3",189,0,32,4.62476575608963,0,4.62476575608963,15.75,80.0055555555556,0
2014-07-09,1286,"4",190,0,35,5.03383870693986,0,5.03383870693986,16.3648148148148,76.4314814814815,0
2014-07-10,1287,"5",191,0,33,4.51688577666728,0,4.51688577666728,16.3796296296297,75.3888888888889,0
2014-07-11,1288,"6",192,0,40,3.39008359000053,0,3.39008359000053,16.3814814814815,76.4333333333333,0
2014-07-12,1289,"7",193,0,34,5.6072870735718,0.31629781283114,5.29098926074066,15.2148148148149,82.7018518518519,0
2014-07-13,1290,"1",194,0,37,5.68887327726708,0,5.68887327726708,16.0907407407408,77.6722222222222,0
2014-07-14,1291,"2",195,0,33,9.71235956979982,0,9.71235956979982,18.2777777777778,68.6314814814815,0
2014-07-15,1292,"3",196,0,25,5.77186209802749,0,5.77186209802749,17.8166666666667,73.3666666666667,0
2014-07-16,1293,"4",197,0,30,4.80573347241828,0,4.80573347241828,17.6259259259259,75.5111111111111,0.251851851851852
2014-07-17,1294,"5",198,0,38,4.12467214161526,0,4.12467214161526,17.2314814814815,76.0259259259259,0
2014-07-18,1295,"6",199,0,36,4.31786667814284,0,4.31786667814284,17.0185185185186,75.3444444444444,0
2014-07-19,1296,"7",200,0,45,4.28870206611913,0,4.28870206611913,17.4574074074075,71.9166666666667,0
2014-07-20,1297,"1",201,0,39,4.19605678564481,0,4.19605678564481,16.8407407407408,75.0259259259259,0
2014-07-21,1298,"2",202,0,38,4.14188027174023,0,4.14188027174023,17.8388888888889,73.1055555555556,0
2014-07-22,1299,"3",203,0,40,4.2718347771187,0,4.2718347771187,18.4425925925926,72.8907407407408,0
2014-07-23,1300,"4",204,0,26,3.61797006233118,0.037037037037037,3.58093302529414,18.5185185185185,72.4851851851852,0
2014-07-24,1301,"5",205,0,37,5.79380598639716,0.418600975004908,5.37520501139226,19.8111111111111,64.8740740740741,0
2014-07-25,1302,"6",206,0,41,9.15553340571394,0,9.15553340571394,22.2425925925926,58.4,0
2014-07-26,1303,"7",207,0,32,6.86664023767758,0,6.86664023767758,19.0444444444445,69.2555555555556,0
2014-07-27,1304,"1",208,0,44,6.35670807447679,0,6.35670807447679,18.8740740740741,71.5851851851852,0
2014-07-28,1305,"2",209,0,35,5.7186651089591,0,5.7186651089591,17.4351851851852,77.7462962962963,0
2014-07-29,1306,"3",210,0,30,6.00097649050618,0,6.00097649050618,17.6833333333334,77.5148148148148,0
2014-07-30,1307,"4",211,0,33,5.85171601518106,0,5.85171601518106,17.0722222222222,78.9555555555556,0
2014-07-31,1308,"5",212,0,28,6.20315333157588,0,6.20315333157588,17.3666666666667,77.9537037037037,0
2014-08-01,1309,"6",213,0,27,7.87845080386877,0,7.87845080386877,17.612962962963,74.137037037037,0
2014-08-02,1310,"7",214,0,36,6.69425305437755,0,6.69425305437755,15.3740740740741,82.837037037037,0
2014-08-03,1311,"1",215,0,25,5.85047862845586,0,5.85047862845586,15.9814814814815,80.6407407407407,0
2014-08-04,1312,"2",216,0,37,5.10663970760575,0,5.10663970760575,17.0018518518519,74.9685185185185,0
2014-08-05,1313,"3",217,0,30,11.0537030091229,4.60696539740123,6.44673761172166,17.6166666666667,72.6962962962963,0
2014-08-06,1314,"4",218,0,35,9.60304425069234,3.36376516933976,6.23927908135258,18.5370370370371,71.8962962962963,0
2014-08-07,1315,"5",219,0,30,8.39836258741862,1.59011946374969,6.80824312366893,16.5351851851852,77.7888888888889,0
2014-08-08,1316,"6",220,0,36,7.94339879727576,0,7.94339879727576,17.4685185185185,72.4944444444445,0
2014-08-09,1317,"7",221,0,30,8.48167698559373,1.27776455825825,7.20391242733549,14.9814814814815,83.4703703703704,0
2014-08-10,1318,"1",222,0,37,5.46116506749648,0,5.46116506749648,16.9092592592593,73.4092592592593,0
2014-08-11,1319,"2",223,0,36,5.95623286151413,0,5.95623286151413,18.1518518518519,68.9425925925926,0
2014-08-12,1320,"3",224,0,44,5.39210062655748,0,5.39210062655748,17.6462962962963,73.1037037037037,0
2014-08-13,1321,"4",225,0,27,5.74891996327603,0,5.74891996327603,17.5370370370371,76.212962962963,0
2014-08-14,1322,"5",226,0,36,5.78347149921379,0,5.78347149921379,17.2777777777778,76.5,0
2014-08-15,1323,"6",227,0,44,6.65513385085919,0,6.65513385085919,17.9444444444445,71.0277777777778,0
2014-08-16,1324,"7",228,0,28,7.06245749424422,0,7.06245749424422,17.7185185185185,71.9777777777778,0
2014-08-17,1325,"1",229,0,35,5.6735906969082,0,5.6735906969082,16.8166666666667,74.6388888888889,0
2014-08-18,1326,"2",230,0,13,5.77100524085963,0,5.77100524085963,15.712962962963,81.1037037037037,0
2014-08-19,1327,"3",231,0,27,5.18712112823328,0,5.18712112823328,16.9092592592593,76.0611111111111,0
2014-08-20,1328,"4",232,0,30,4.88182622479591,0,4.88182622479591,16.9777777777778,78.1333333333333,0
2014-08-21,1329,"5",233,0,43,5.46828393750606,0.0165627137003692,5.45172122380569,18.1166666666667,74.9777777777778,0
2014-08-22,1330,"6",234,0,35,5.5122691825769,0,5.5122691825769,17.6092592592593,75.4685185185185,0
2014-08-23,1331,"7",235,0,32,5.7578361588105,0,5.7578361588105,18.0462962962963,73.4074074074074,0
2014-08-24,1332,"1",236,0,34,5.49814184654901,0,5.49814184654901,17.5907407407408,73.0277777777778,0
2014-08-25,1333,"2",237,0,31,8.94141674826499,2.73123979058321,6.21017695768178,17.5018518518518,75.1425925925926,0
2014-08-26,1334,"3",238,0,43,7.46140505290066,1.09447386102437,6.36693119187629,17.9388888888889,72.3018518518519,0
2014-08-27,1335,"4",239,0,30,7.01644016199635,0,7.01644016199635,18.2925925925927,71.5185185185185,0
2014-08-28,1336,"5",240,0,39,5.91270077820414,0,5.91270077820414,18.2240740740741,73.9240740740741,0
2014-08-29,1337,"6",241,0,31,6.71711120241747,0,6.71711120241747,17.6962962962963,76.8148148148148,0
2014-08-30,1338,"7",242,0,45,6.38215382821075,0,6.38215382821075,18.7814814814815,73.1555555555556,0
2014-08-31,1339,"1",243,0,53,5.58049697317399,0,5.58049697317399,19.1796296296296,71.8888888888889,0
2014-09-01,1340,"2",244,0,41,10.0733980731696,2.3366052949584,7.73679277821119,20.5592592592593,65.3666666666667,0
2014-09-02,1341,"3",245,0,44,7.11578682362282,0,7.11578682362282,16.9814814814815,79.2444444444444,0
2014-09-03,1342,"4",246,0,46,10.2409345818725,2.6990932168778,7.54184136499466,18.5,72.2740740740741,0
2014-09-04,1343,"5",247,0,42,9.66348000185241,1.59220539828145,8.07127460357096,18.3296296296297,69.9407407407408,0
2014-09-05,1344,"6",248,0,40,7.6834113010905,0,7.6834113010905,17.8666666666667,71.2074074074074,0
2014-09-06,1345,"7",249,0,35,8.75397407339624,0.0210312985670816,8.73294277482916,17.6462962962963,70.8203703703704,0
2014-09-07,1346,"1",250,0,44,8.60588306975962,0,8.60588306975962,16.8037037037037,72.2722222222222,0
2014-09-08,1347,"2",251,0,43,7.80063477967664,0,7.80063477967664,15.937037037037,76,0
2014-09-09,1348,"3",252,0,49,13.8125148933357,5.38677646603854,8.42573842729712,17.0611111111111,74.2685185185185,0
2014-09-10,1349,"4",253,0,56,11.7196374886888,3.89215433928959,7.82748314939925,20.8685185185185,61.7777777777778,0
2014-09-11,1350,"5",254,0,40,10.3537341935607,0,10.3537341935607,21.4796296296296,57.5962962962963,0
2014-09-12,1351,"6",255,0,42,10.0892448839556,0,10.0892448839556,20.337037037037,59.6166666666667,0
2014-09-13,1352,"7",256,0,42,9.31281256926282,0,9.31281256926282,19.6962962962963,60.8740740740741,0
2014-09-14,1353,"1",257,0,49,8.92978511375837,0,8.92978511375837,18.9185185185186,63.9111111111111,0
2014-09-15,1354,"2",258,0,42,8.24506494588569,0,8.24506494588569,18.8518518518518,64.0111111111111,0
2014-09-16,1355,"3",259,0,41,8.60581591414777,0,8.60581591414777,19.4148148148148,61.3351851851852,0
2014-09-17,1356,"4",260,0,40,6.73577308057231,0,6.73577308057231,20.0666666666667,60.7259259259259,0.57037037037037
2014-09-18,1357,"5",261,0,46,4.53813479130645,0,4.53813479130645,19.112962962963,75.5740740740741,0.840740740740741
2014-09-19,1358,"6",262,0,40,11.3579517529985,4.99104414699712,6.36690760600139,18.7981481481481,77.0314814814815,0
2014-09-20,1359,"7",263,0,53,9.90137216194245,3.58681788689293,6.31455427504952,18.8592592592593,73.4259259259259,0
2014-09-21,1360,"1",264,0,54,5.94151641293253,0,5.94151641293253,17.662962962963,78.7592592592593,0
2014-09-22,1361,"2",265,0,52,7.36568784889291,0,7.36568784889291,19.2333333333333,71.4962962962963,0
2014-09-23,1362,"3",266,0,48,9.51085317358387,3.23848868227182,6.27236449131205,18.9888888888889,72.4685185185185,0
2014-09-24,1363,"4",267,0,51,5.2594726188993,0,5.2594726188993,18.8018518518519,77.9611111111111,8.46296296296296
2014-09-25,1364,"5",268,0,36,4.09898503779787,0,4.09898503779787,16.9444444444445,86.7148148148148,2.37407407407407
2014-09-26,1365,"6",269,0,43,5.60940126948402,0,5.60940126948402,17.0481481481481,82.5314814814815,0
2014-09-27,1366,"7",270,0,56,5.44224890710882,0,5.44224890710882,17.1925925925926,79.5574074074074,0
2014-09-28,1367,"1",271,0,63,7.00087410328095,0,7.00087410328095,17.3425925925926,80.2851851851852,0
2014-09-29,1368,"2",272,0,50,6.30938587077412,0,6.30938587077412,16.7592592592592,82.2518518518519,0
2014-09-30,1369,"3",273,0,47,6.13266194991232,0,6.13266194991232,18.3648148148148,75.2592592592593,0
2014-10-01,1370,"4",274,0,28,6.79298320247032,0,6.79298320247032,21.0259259259259,59.6074074074074,0
2014-10-02,1371,"5",275,0,31,8.99594553413149,0,8.99594553413149,22.1388888888889,51.3388888888889,0
2014-10-03,1372,"6",276,0,55,9.81765055229789,0,9.81765055229789,24.1074074074074,38.5055555555556,0
2014-10-04,1373,"7",277,0,41,10.070875686144,0,10.070875686144,24.3000000000001,37.3018518518519,0
2014-10-05,1374,"1",278,0,64,9.33747110184901,0,9.33747110184901,23.0666666666667,48.0962962962963,0
2014-10-06,1375,"2",279,0,46,10.0595127097007,0,10.0595127097007,22.1277777777778,54.9388888888889,0
2014-10-07,1376,"3",280,0,42,9.16802904343245,0,9.16802904343245,19.4277777777778,63.7777777777778,0
2014-10-08,1377,"4",281,0,65,9.59769225605039,0,9.59769225605039,20.587037037037,61.4166666666667,0
2014-10-09,1378,"5",282,0,38,7.29722341821824,0,7.29722341821824,16.425925925926,77.9796296296296,0
2014-10-10,1379,"6",283,0,49,6.92556892628981,0,6.92556892628981,16.95,75.6759259259259,0
2014-10-11,1380,"7",284,0,43,6.99158974752649,0,6.99158974752649,18.6814814814815,70.2185185185185,0
2014-10-12,1381,"1",285,0,59,7.31626623212277,0,7.31626623212277,22.6388888888889,53.4518518518519,0
2014-10-13,1382,"2",286,0,64,10.6306437104439,0,10.6306437104439,21.5037037037038,51.887037037037,0
2014-10-14,1383,"3",287,0,54,6.57321565342972,0,6.57321565342972,17.1074074074074,68.9537037037037,0.244444444444444
2014-10-15,1384,"4",288,0,47,4.4292266092527,0,4.4292266092527,16.6685185185186,78.5944444444444,0
2014-10-16,1385,"5",289,0,39,6.75249955535818,0,6.75249955535818,16.4037037037037,71.9388888888889,0
2014-10-17,1386,"6",290,0,46,7.34331276966825,0,7.34331276966825,17.4888888888889,72.5296296296296,0
2014-10-18,1387,"7",291,0,51,6.4943024399039,0,6.4943024399039,19.1444444444444,70.4592592592593,0
2014-10-19,1388,"1",292,0,51,7.66915481787791,0,7.66915481787791,18.3759259259259,72.937037037037,0
2014-10-20,1389,"2",293,0,48,4.55206916575218,0,4.55206916575218,15.9759259259259,82.1259259259259,0.655555555555556
2014-10-21,1390,"3",294,0,53,5.76434401372595,0,5.76434401372595,15.662962962963,75.7981481481481,0
2014-10-22,1391,"4",295,0,45,7.72353467036425,0,7.72353467036425,16.425925925926,73.2537037037037,0
2014-10-23,1392,"5",296,0,48,8.06410553358452,0,8.06410553358452,18.1722222222222,69.8888888888889,0
2014-10-24,1393,"6",297,0,50,6.51518383379673,0,6.51518383379673,17.4425925925926,75.0851851851852,4.32222222222222
2014-10-25,1394,"7",298,0,49,3.77401942978553,0,3.77401942978553,16.6277777777779,80.8555555555556,3.17777777777778
2014-10-26,1395,"1",299,0,42,5.6006026879234,0,5.6006026879234,14.9203703703704,81.4111111111111,0
2014-10-27,1396,"2",300,0,56,6.8576098672568,0,6.8576098672568,14.5388888888889,72.1074074074074,0
2014-10-28,1397,"3",301,0,44,7.01660723558451,0,7.01660723558451,15.8425925925926,75.0055555555556,0
2014-10-29,1398,"4",302,0,61,8.68536221690403,0,8.68536221690403,18.9148148148149,66.6462962962963,0
2014-10-30,1399,"5",303,0,43,8.63145049396627,0,8.63145049396627,18.2703703703704,71.0037037037037,0
2014-10-31,1400,"6",304,0,43,3.82098662031896,0,3.82098662031896,15.7537037037038,83.6055555555556,7.5
2014-11-01,1401,"7",305,0,55,5.24181708129787,0,5.24181708129787,14.3925925925926,74.6037037037037,0
2014-11-02,1402,"1",306,0,64,6.3141289285948,0,6.3141289285948,14.6574074074074,70.562962962963,0
2014-11-03,1403,"2",307,0,43,9.9386157346776,0,9.9386157346776,15.5166666666667,65.6925925925926,0
2014-11-04,1404,"3",308,0,50,8.5383160016916,0,8.5383160016916,16.1296296296297,69.7444444444445,0
2014-11-05,1405,"4",309,0,51,9.46386575092457,0,9.46386575092457,18.2833333333333,63.5703703703704,0
2014-11-06,1406,"5",310,0,51,12.6822079681329,0,12.6822079681329,18.1925925925926,66.1722222222222,0
2014-11-07,1407,"6",311,0,60,7.99344622256314,0,7.99344622256314,17.1481481481482,68.3722222222222,0
2014-11-08,1408,"7",312,0,51,9.50773168212148,0,9.50773168212148,18.4333333333333,61.3666666666667,0
2014-11-09,1409,"1",313,0,58,12.4994848763097,0,12.4994848763097,17.8148148148148,64.7425925925926,0
2014-11-10,1410,"2",314,0,61,14.6799738118932,0,14.6799738118932,17.0444444444445,69.3703703703704,0
2014-11-11,1411,"3",315,0,49,9.22246164010111,0,9.22246164010111,17,66.3259259259259,0
2014-11-12,1412,"4",316,0,45,10.0718663685543,0,10.0718663685543,16.5740740740741,63.7574074074074,5.31481481481481
2014-11-13,1413,"5",317,0,54,5.66998282041988,0,5.66998282041988,16.5407407407408,71.5074074074074,1.78888888888889
2014-11-14,1414,"6",318,0,51,6.02984572425314,0,6.02984572425314,15.5944444444444,73.6425925925926,0
2014-11-15,1415,"7",319,0,69,7.62027552849489,0,7.62027552849489,15.3314814814815,72.1092592592593,0
2014-11-16,1416,"1",320,0,70,9.3039135666882,0,9.3039135666882,14.7370370370371,69.1592592592593,0
2014-11-17,1417,"2",321,0,61,7.29650065325255,0,7.29650065325255,14.5092592592592,63.3944444444445,0
2014-11-18,1418,"3",322,0,51,15.7169687789087,0,15.7169687789087,14.5574074074074,57.5240740740741,0.907407407407407
2014-11-19,1419,"4",323,0,56,8.90878225282732,0,8.90878225282732,15.1648148148148,72.6814814814815,5.6962962962963
2014-11-20,1420,"5",324,0,45,7.73943615935045,0,7.73943615935045,13.9055555555556,83.8111111111111,15.1592592592593
2014-11-21,1421,"6",325,0,56,7.4463851229922,0,7.4463851229922,14.6055555555556,69.6314814814815,4.54444444444445
2014-11-22,1422,"7",326,0,53,4.24868767274956,0,4.24868767274956,15.0222222222222,81.2796296296296,5.84444444444444
2014-11-23,1423,"1",327,0,76,6.61962617602589,0,6.61962617602589,13.9796296296297,72.7925925925926,0
2014-11-24,1424,"2",328,0,54,9.54184186136837,0,9.54184186136837,13.8277777777778,63.8111111111111,0
2014-11-25,1425,"3",329,0,62,14.2691471054129,0,14.2691471054129,14.1611111111112,64.9925925925926,0
2014-11-26,1426,"4",330,0,46,16.8596371690636,0,16.8596371690636,15.1407407407407,61.7796296296296,0
2014-11-27,1427,"5",331,0,63,18.8999940074138,0,18.8999940074138,14.2907407407407,70.1240740740741,0
2014-11-28,1428,"6",332,0,67,15.641329996811,0,15.641329996811,13.3407407407408,76.0944444444444,2.24074074074074
2014-11-29,1429,"7",333,0,72,7.99895614469327,0,7.99895614469327,16.3444444444445,69.8388888888889,6.32222222222222
2014-11-30,1430,"1",334,0,74,5.83694781342763,0,5.83694781342763,14.7037037037038,77.8351851851852,14.4407407407407
2014-12-01,1431,"2",335,0,54,7.16285392659435,0,7.16285392659435,15.512962962963,72.4314814814815,24.7666666666667
2014-12-02,1432,"3",336,0,47,3.3612580152412,0,3.3612580152412,15.924074074074,75.7388888888889,46.1481481481482
2014-12-03,1433,"4",337,0,53,4.27631882925511,0,4.27631882925511,15.7888888888889,65.7888888888889,15.6814814814815
2014-12-04,1434,"5",338,0,57,5.97193521589368,0,5.97193521589368,16.8814814814815,63.8092592592593,0.877777777777778
2014-12-05,1435,"6",339,0,64,5.97704422132641,0,5.97704422132641,17.1518518518519,68.6166666666667,6.1962962962963
2014-12-06,1436,"7",340,0,72,5.83499919794338,0,5.83499919794338,17.2111111111111,69.9259259259259,0.744444444444444
2014-12-07,1437,"1",341,0,87,15.0782760788534,0,15.0782760788534,15.7092592592593,74.8648148148148,0
2014-12-08,1438,"2",342,0,67,8.25740186838815,0,8.25740186838815,16.7240740740741,72.1574074074074,0
2014-12-09,1439,"3",343,0,63,12.1038175505891,0,12.1038175505891,16.2333333333333,73.262962962963,0
2014-12-10,1440,"4",344,0,48,9.76428286350262,0,9.76428286350262,16.5481481481481,73.1925925925926,8.1037037037037
2014-12-11,1441,"5",345,0,50,2.59137193243753,0,2.59137193243753,14.837037037037,83.1555555555556,81.3333333333333
2014-12-12,1442,"6",346,0,51,8.08947884939851,0,8.08947884939851,11.9944444444445,78.4925925925926,5.22962962962963
2014-12-13,1443,"7",347,0,70,14.4987862522342,0,14.4987862522342,11.562962962963,70.0203703703704,0
2014-12-14,1444,"1",348,0,73,7.67138055916438,0,7.67138055916438,12.8703703703704,68.0555555555556,19.0703703703704
2014-12-15,1445,"2",349,0,55,4.48487866476362,0,4.48487866476362,12.6351851851852,80.2518518518519,21.3296296296296
2014-12-16,1446,"3",350,0,54,6.2765752423786,0,6.2765752423786,13.4555555555556,74.5425925925926,16.3185185185185
2014-12-17,1447,"4",351,0,50,5.46747515588202,0,5.46747515588202,12.962962962963,75.7425925925926,6.37407407407407
2014-12-18,1448,"5",352,0,72,9.82386846269186,0,9.82386846269186,13.9925925925926,73.8314814814815,1.77037037037037
2014-12-19,1449,"6",353,0,54,5.06092598511391,0,5.06092598511391,14.1851851851852,77.612962962963,22.9555555555556
2014-12-20,1450,"7",354,0,69,6.56220148634005,0,6.56220148634005,14.9351851851852,70.6648148148148,1.94074074074074
2014-12-21,1451,"1",355,0,81,5.78404731382992,0,5.78404731382992,16.1611111111112,75.4925925925926,0.151851851851852
2014-12-22,1452,"2",356,0,77,6.15711635111203,0,6.15711635111203,15.4148148148148,80.0833333333333,0
2014-12-23,1453,"3",357,0,67,9.05901805692705,0,9.05901805692705,15.4240740740741,75.8074074074074,0
2014-12-24,1454,"4",358,0,77,6.27260388878353,0,6.27260388878353,12.8277777777778,81.5222222222222,1.52222222222222
2014-12-25,1455,"5",359,0,70,4.02627732561857,0,4.02627732561857,11.6296296296297,67.3277777777778,0
2014-12-26,1456,"6",360,0,85,5.57112175825401,0,5.57112175825401,10.2759259259259,57.5222222222222,0
2014-12-27,1457,"7",361,0,91,9.63428036306282,0,9.63428036306282,9.3814814814815,56.1814814814815,0
2014-12-28,1458,"1",362,0,86,13.5206843941429,0,13.5206843941429,10.262962962963,62.5944444444444,0
2014-12-29,1459,"2",363,0,79,9.49278289977462,0,9.49278289977462,10.1425925925926,80.3925925925926,0
2014-12-30,1460,"3",364,0,72,5.3394690483226,0,5.3394690483226,9.69444444444446,63.9777777777778,0
2014-12-31,1461,"4",365,0,69,7.36758496555212,0,7.36758496555212,9.20555555555563,38.7277777777778,0
2015-01-01,1462,"5",1,0,91,11.0472307524262,0,11.0472307524262,8.94629629629628,46.0425925925926,0
2015-01-02,1463,"6",2,0,94,20.8491345120391,0,20.8491345120391,6.79259259259265,62.437037037037,0
2015-01-03,1464,"7",3,0,101,22.3483744168471,0,22.3483744168471,7.61296296296302,71.5333333333333,0
2015-01-04,1465,"1",4,0,103,22.7707665784827,0,22.7707665784827,8.62037037037038,72.0518518518519,0
2015-01-05,1466,"2",5,0,93,17.6576426962866,0,17.6576426962866,10.2962962962963,66.8055555555556,0
2015-01-06,1467,"3",6,0,102,20.0313008633257,0,20.0313008633257,11.5092592592592,70.1092592592593,0
2015-01-07,1468,"4",7,0,95,20.6653947062716,0,20.6653947062716,12.9740740740741,71.2240740740741,0
2015-01-08,1469,"5",8,0,99,25.482371661663,0,25.482371661663,12.8722222222223,68.0851851851852,0
2015-01-09,1470,"6",9,0,94,23.0302579013892,0,23.0302579013892,13.5555555555556,73.762962962963,0
2015-01-10,1471,"7",10,0,104,19.56800103773,0,19.56800103773,12.3018518518519,81.0611111111111,0
2015-01-11,1472,"1",11,0,98,14.329475638081,0,14.329475638081,11.2018518518519,84.312962962963,0
2015-01-12,1473,"2",12,0,110,13.1742475093744,0,13.1742475093744,12.1481481481482,79.837037037037,0
2015-01-13,1474,"3",13,0,97,13.006687475378,0,13.006687475378,12.8333333333334,75.0055555555556,0
2015-01-14,1475,"4",14,0,96,18.3748966348146,0,18.3748966348146,10.9870370370371,76.6148148148148,0
2015-01-15,1476,"5",15,0,94,20.3447449629395,0,20.3447449629395,10.9018518518519,80.6925925925926,0
2015-01-16,1477,"6",16,0,102,28.0672281288204,0,28.0672281288204,12.0074074074074,83.1444444444444,0
2015-01-17,1478,"7",17,0,134,17.0465218778504,0,17.0465218778504,13.1388888888889,83.5555555555556,0
2015-01-18,1479,"1",18,0,114,14.2355130463679,0,14.2355130463679,14.4962962962964,80.8351851851852,0
2015-01-19,1480,"2",19,0,138,8.80078394913821,0,8.80078394913821,13.2074074074075,81.8333333333333,0
2015-01-20,1481,"3",20,0,124,9.57494885904941,0,9.57494885904941,11.3240740740741,79.4907407407407,0
2015-01-21,1482,"4",21,0,96,10.9318645848888,0,10.9318645848888,11.5537037037037,76.65,0
2015-01-22,1483,"5",22,0,110,16.3308133749685,0,16.3308133749685,10.8833333333333,80.7888888888889,0
2015-01-23,1484,"6",23,0,118,15.284181602766,0,15.284181602766,12.8425925925926,74.1851851851852,0
2015-01-24,1485,"7",24,0,104,13.5445102694153,0,13.5445102694153,14.3185185185185,71.0444444444445,0
2015-01-25,1486,"1",25,0,124,17.6259913868833,0,17.6259913868833,12.3462962962963,75.8833333333333,0
2015-01-26,1487,"2",26,0,126,20.3537844755908,0,20.3537844755908,13.2796296296297,72.6962962962963,0
2015-01-27,1488,"3",27,0,113,16.8427485588853,0,16.8427485588853,14.5703703703704,74.8703703703704,0
2015-01-28,1489,"4",28,0,100,20.5218225071254,0,20.5218225071254,13.8851851851852,75.9555555555556,0
2015-01-29,1490,"5",29,0,96,13.7397179867895,0,13.7397179867895,13.687037037037,75.3,0
2015-01-30,1491,"6",30,0,93,11.4352443562642,0,11.4352443562642,13.2111111111111,77.7018518518519,0
2015-01-31,1492,"7",31,0,93,11.4958629638643,0,11.4958629638643,15.7222222222223,68.187037037037,0
2015-02-01,1493,"1",32,0,134,19.155276239213,0,19.155276239213,15.412962962963,70.5666666666667,0
2015-02-02,1494,"2",33,0,92,18.5011044197449,0,18.5011044197449,14.6981481481482,77.4518518518519,0
2015-02-03,1495,"3",34,0,99,12.396762330802,0,12.396762330802,15.662962962963,76.0444444444445,0
2015-02-04,1496,"4",35,0,77,18.3849874467403,0,18.3849874467403,13.8092592592593,82.5111111111111,0
2015-02-05,1497,"5",36,0,87,8.194105427428,0,8.194105427428,14.2314814814815,81.2148148148148,0
2015-02-06,1498,"6",37,0,78,4.31581847781287,0,4.31581847781287,16.5722222222222,74.7166666666667,29.437037037037
2015-02-07,1499,"7",38,0,95,4.07848743846178,0,4.07848743846178,16.2685185185185,75.9537037037037,3.52962962962963
2015-02-08,1500,"1",39,0,112,4.57160814917444,0,4.57160814917444,16.0666666666667,73.8185185185185,22.9962962962963
2015-02-09,1501,"2",40,0,96,5.98130579816958,0,5.98130579816958,13.837037037037,81.9685185185185,0
2015-02-10,1502,"3",41,0,91,9.36457574718272,0,9.36457574718272,12.9833333333333,77.9962962962963,0
2015-02-11,1503,"4",42,0,86,11.9711787155137,0,11.9711787155137,13.5185185185185,74.6944444444444,0
2015-02-12,1504,"5",43,0,88,12.4354739813853,0,12.4354739813853,15.5203703703704,71.2888888888889,0
2015-02-13,1505,"6",44,0,90,13.975905091042,0,13.975905091042,16.1388888888889,70.6962962962963,0
2015-02-14,1506,"7",45,0,88,12.6679049180235,0,12.6679049180235,16.4314814814815,70.8851851851852,0
2015-02-15,1507,"1",46,0,105,12.4275040574245,0,12.4275040574245,16.3296296296296,71.8722222222222,0
2015-02-16,1508,"2",47,0,111,12.2848306293881,0,12.2848306293881,15.8185185185185,73.1351851851852,0
2015-02-17,1509,"3",48,0,69,12.3753822790979,0,12.3753822790979,13.0462962962963,82.0425925925926,0
2015-02-18,1510,"4",49,0,71,12.1085141928013,0,12.1085141928013,14.3055555555555,72.9722222222222,0
2015-02-19,1511,"5",50,0,72,10.9390104291044,0,10.9390104291044,14.4870370370371,73.8574074074074,0
2015-02-20,1512,"6",51,0,86,13.0813835728287,0,13.0813835728287,14.6981481481482,75.5925925925926,0
2015-02-21,1513,"7",52,0,99,12.5441151049367,0,12.5441151049367,14.2166666666667,75.2481481481481,0
2015-02-22,1514,"1",53,0,79,6.47269092243823,0,6.47269092243823,13.8185185185185,72.2148148148148,0
2015-02-23,1515,"2",54,0,74,4.68504644975206,0,4.68504644975206,12.1222222222223,55.7388888888889,0
2015-02-24,1516,"3",55,0,88,7.63148309565601,0,7.63148309565601,12.2481481481482,52.712962962963,0
2015-02-25,1517,"4",56,0,79,10.7662579339761,0,10.7662579339761,13.4333333333333,72.4055555555556,0
2015-02-26,1518,"5",57,0,67,11.3500481949559,0,11.3500481949559,14.35,74.3481481481481,0
2015-02-27,1519,"6",58,0,66,6.29805619124893,0,6.29805619124893,13.2703703703704,81.6481481481482,0
2015-02-28,1520,"7",59,0,76,4.80370427151359,0,4.80370427151359,11.8222222222223,72.7925925925926,0
2015-03-01,1521,"1",60,0,73,6.15221794367678,0,6.15221794367678,13.3351851851852,63.75,0
2015-03-02,1522,"2",61,0,83,5.87637418411966,0,5.87637418411966,13.5222222222222,71.45,0
2015-03-03,1523,"3",62,0,64,7.0136149927743,0,7.0136149927743,13.0814814814815,72.4462962962963,0
2015-03-04,1524,"4",63,0,70,6.57235154088687,0,6.57235154088687,13.4981481481482,73.5574074074074,0
2015-03-05,1525,"5",64,0,62,8.27129892772728,0,8.27129892772728,14.437037037037,70.0759259259259,0
2015-03-06,1526,"6",65,0,59,9.81053432327962,0,9.81053432327962,14.9481481481482,70.3203703703704,0
2015-03-07,1527,"7",66,0,80,9.2083750115803,0,9.2083750115803,15.6240740740741,68.85,0
2015-03-08,1528,"1",67,0,60,8.21036925692596,0,8.21036925692596,14.687037037037,74.6055555555556,0
2015-03-09,1529,"2",68,0,86,8.75337075249255,0,8.75337075249255,14.9537037037037,72.2277777777778,0
2015-03-10,1530,"3",69,0,80,8.6105216312194,0,8.6105216312194,14.4703703703703,74.4388888888889,1.85555555555556
2015-03-11,1531,"4",70,0,68,5.99105024437843,0,5.99105024437843,15.0444444444445,77.8074074074074,0
2015-03-12,1532,"5",71,0,53,6.91883726561825,0,6.91883726561825,16.2055555555555,72.2055555555556,0
2015-03-13,1533,"6",72,0,58,8.09028415280895,0,8.09028415280895,17.7,66.2703703703704,0
2015-03-14,1534,"7",73,0,65,7.19479768417664,0,7.19479768417664,20.2,58.6481481481482,0
2015-03-15,1535,"1",74,0,72,6.2754852459448,0,6.2754852459448,17.7759259259259,69.9111111111111,0
2015-03-16,1536,"2",75,0,63,5.45698591362403,0,5.45698591362403,16.9037037037037,69.5833333333333,0
2015-03-17,1537,"3",76,0,50,6.54551820442502,0,6.54551820442502,14.8481481481482,75.1555555555556,0
2015-03-18,1538,"4",77,0,65,7.38167413607828,0,7.38167413607828,15.462962962963,71.2981481481482,0
2015-03-19,1539,"5",78,0,47,7.40500821031275,0,7.40500821031275,16.9166666666667,66.7740740740741,0
2015-03-20,1540,"6",79,0,70,8.25940105272085,0,8.25940105272085,15.3370370370371,73.887037037037,0
2015-03-21,1541,"7",80,0,66,6.00543601415458,0,6.00543601415458,17.212962962963,67.287037037037,0
2015-03-22,1542,"1",81,0,74,4.25066008944633,0,4.25066008944633,16.2851851851852,69.6777777777778,1.84444444444444
2015-03-23,1543,"2",82,0,61,4.55166209546165,0,4.55166209546165,14.7222222222222,70.9518518518519,1.6
2015-03-24,1544,"3",83,0,54,5.68164545974258,0,5.68164545974258,14.7722222222222,69.4796296296296,0
2015-03-25,1545,"4",84,0,60,6.99211333738295,0,6.99211333738295,16.5740740740741,67.3444444444444,0
2015-03-26,1546,"5",85,0,82,7.90502109144943,0,7.90502109144943,18.95,62.3518518518519,0
2015-03-27,1547,"6",86,0,53,7.68858230107483,0,7.68858230107483,15.0351851851852,78.9111111111111,0
2015-03-28,1548,"7",87,0,66,7.90951453894689,0,7.90951453894689,17.0074074074074,68.7666666666667,0
2015-03-29,1549,"1",88,0,57,8.88523354966407,0,8.88523354966407,16.837037037037,65.7407407407407,0
2015-03-30,1550,"2",89,0,63,7.6074905288363,0,7.6074905288363,15.9092592592593,71.0592592592593,0
2015-03-31,1551,"3",90,0,57,6.69823607931888,0,6.69823607931888,13.6518518518519,79.3259259259259,0
2015-04-01,1552,"4",91,0,41,5.91139728353513,0,5.91139728353513,12.8759259259259,74.9555555555555,0
2015-04-02,1553,"5",92,0,40,7.47392918015002,0,7.47392918015002,13.4759259259259,66.6111111111111,0
2015-04-03,1554,"6",93,0,50,9.77034524108554,0,9.77034524108554,13.2944444444445,71.087037037037,0
2015-04-04,1555,"7",94,0,73,7.02522044832996,0,7.02522044832996,12.0370370370371,78.1111111111111,0
2015-04-05,1556,"1",95,0,74,4.35047785681362,0,4.35047785681362,10.3796296296297,81.4833333333333,3.4962962962963
2015-04-06,1557,"2",96,0,57,5.16213721695065,0,5.16213721695065,10.8037037037037,78.2166666666667,13.7222222222222
2015-04-07,1558,"3",97,0,65,4.85426670751511,0,4.85426670751511,11.4407407407408,75.6833333333333,5.2
2015-04-08,1559,"4",98,0,53,5.25047250958355,0,5.25047250958355,11.7962962962963,68.6592592592593,0
2015-04-09,1560,"5",99,0,60,9.53341510012685,0,9.53341510012685,12.8092592592593,71.4407407407408,0
2015-04-10,1561,"6",100,0,66,7.07811279099309,0,7.07811279099309,13.2814814814815,72.6055555555556,0
2015-04-11,1562,"7",101,0,66,7.6551782464594,0,7.6551782464594,14.1685185185186,69.9444444444444,0
2015-04-12,1563,"1",102,0,69,8.38195888087461,0,8.38195888087461,15.8925925925926,68.7944444444445,0
2015-04-13,1564,"2",103,0,55,8.23408983715328,0,8.23408983715328,12.5777777777778,78.5518518518519,0
2015-04-14,1565,"3",104,0,51,7.52636292860013,0,7.52636292860013,12.6925925925926,67.4944444444445,0
2015-04-15,1566,"4",105,0,60,6.8725421609301,0,6.8725421609301,14.7370370370371,57.3611111111111,0
2015-04-16,1567,"5",106,0,66,8.86429318330923,0,8.86429318330923,18.2481481481482,55.1962962962963,0
2015-04-17,1568,"6",107,0,52,10.4231886362008,0,10.4231886362008,16.187037037037,66.5574074074074,0
2015-04-18,1569,"7",108,0,66,10.6246464700565,0,10.6246464700565,15.2296296296297,71.8481481481481,0
2015-04-19,1570,"1",109,0,59,9.46433485715488,0,9.46433485715488,14.7055555555556,73.2944444444445,0
2015-04-20,1571,"2",110,0,63,8.66512978639084,0,8.66512978639084,14.5740740740741,72.9703703703704,0
2015-04-21,1572,"3",111,0,51,10.4969144758356,2.83259282703769,7.66432164879789,12.4111111111112,81.6185185185185,0
2015-04-22,1573,"4",112,0,53,8.44821585700316,0,8.44821585700316,14.1222222222223,74.3703703703704,0
2015-04-23,1574,"5",113,0,54,8.51236184919569,0,8.51236184919569,14.0907407407408,73.0296296296296,0
2015-04-24,1575,"6",114,0,49,5.39178711099029,0,5.39178711099029,13.7240740740741,71.7740740740741,9.78518518518518
2015-04-25,1576,"7",115,0,74,5.21331062179312,0,5.21331062179312,12.6259259259259,78.3555555555556,0
2015-04-26,1577,"1",116,0,60,6.73289626697084,0,6.73289626697084,14.3407407407408,68.4796296296296,0
2015-04-27,1578,"2",117,0,59,9.70254742846047,0,9.70254742846047,18.4,60.362962962963,0
2015-04-28,1579,"3",118,0,53,8.48485900798846,0,8.48485900798846,14.3592592592593,74.2111111111111,0
2015-04-29,1580,"4",119,0,47,9.46176223982409,0,9.46176223982409,14.812962962963,69.3981481481482,0
2015-04-30,1581,"5",120,0,53,8.97374896835696,0.0201406101512901,8.95360835820567,19.6648148148148,55.9185185185185,0
2015-05-01,1582,"6",121,0,48,10.6654169352931,4.28449953944306,6.38091739585,19.5388888888889,57.5907407407407,0
2015-05-02,1583,"7",122,0,53,8.01802297866496,0,8.01802297866496,14.7518518518519,73.2259259259259,0
2015-05-03,1584,"1",123,0,67,6.28129723642256,0,6.28129723642256,13.2537037037038,77.1092592592593,0
2015-05-04,1585,"2",124,0,51,10.3264305757604,3.78175471222761,6.54467586353284,11.9777777777778,81.3425925925926,0
2015-05-05,1586,"3",125,0,52,9.12432611255599,2.57237540515293,6.55195070740306,12.337037037037,80.7962962962963,0
2015-05-06,1587,"4",126,0,51,8.10340304798319,0,8.10340304798319,12.8740740740741,77.3814814814815,0
2015-05-07,1588,"5",127,0,60,6.60233904364339,0,6.60233904364339,12.7277777777778,76.5537037037037,0
2015-05-08,1589,"6",128,0,62,6.65045063447668,0,6.65045063447668,13.0074074074074,77.312962962963,0
2015-05-09,1590,"7",129,0,59,7.00317246888258,0,7.00317246888258,13.3092592592593,75.7296296296296,0
2015-05-10,1591,"1",130,0,72,6.4564036806365,0,6.4564036806365,12.7592592592593,75.8444444444444,0
2015-05-11,1592,"2",131,0,59,6.57746156442331,0,6.57746156442331,12.1055555555556,80.2037037037037,0
2015-05-12,1593,"3",132,0,44,5.69353034160354,0,5.69353034160354,12.3018518518519,75.3777777777778,0
2015-05-13,1594,"4",133,0,50,5.12491307603585,0,5.12491307603585,12.6555555555556,74.2814814814815,0
2015-05-14,1595,"5",134,0,55,4.21533906813015,0,4.21533906813015,13.1777777777778,72.6611111111111,0
2015-05-15,1596,"6",135,0,51,5.51594633861389,0,5.51594633861389,12.3037037037037,77.887037037037,0
2015-05-16,1597,"7",136,0,49,5.66812080544891,0,5.66812080544891,12.7481481481482,77.0777777777778,0
2015-05-17,1598,"1",137,0,63,4.97255344529685,0,4.97255344529685,13.1611111111112,74.6296296296296,0
2015-05-18,1599,"2",138,0,54,4.70856921283424,0,4.70856921283424,12.3351851851852,78.8481481481482,0
2015-05-19,1600,"3",139,0,60,5.71411416796134,0,5.71411416796134,13.4666666666667,74.437037037037,0
2015-05-20,1601,"4",140,0,41,4.42233982008544,0,4.42233982008544,12.9925925925926,78.7296296296296,2.78888888888889
2015-05-21,1602,"5",141,0,41,5.2183570685305,0,5.2183570685305,14.0888888888889,74.8666666666667,0
2015-05-22,1603,"6",142,0,36,4.46027786971169,0,4.46027786971169,13.3814814814815,79.4944444444444,0
2015-05-23,1604,"7",143,0,51,5.86635383547628,0,5.86635383547628,13.0907407407408,80.9888888888889,0
2015-05-24,1605,"1",144,0,62,6.2311118438304,0,6.2311118438304,12.7796296296297,81.612962962963,0.551851851851852
2015-05-25,1606,"2",145,0,67,5.67684135768076,0,5.67684135768076,13.0962962962963,80.0851851851852,0.0333333333333333
2015-05-26,1607,"3",146,0,53,5.41651349855217,0,5.41651349855217,13.8166666666667,76.0814814814815,0
2015-05-27,1608,"4",147,0,44,6.71824057138151,0,6.71824057138151,13.6851851851852,77.4444444444445,0
2015-05-28,1609,"5",148,0,39,6.87091021629499,0,6.87091021629499,13.7944444444445,77.2277777777778,0
2015-05-29,1610,"6",149,0,63,7.04932626081979,0,7.04932626081979,13.6759259259259,78.1092592592593,0.225925925925926
2015-05-30,1611,"7",150,0,49,7.51223021919983,0,7.51223021919983,15.0074074074074,72.7185185185185,0
2015-05-31,1612,"1",151,0,57,6.2736163372685,0,6.2736163372685,13.2555555555556,77.0203703703704,0
2015-06-01,1613,"2",152,0,62,3.25531351303007,0,3.25531351303007,15.0388888888889,74.5222222222222,0.774074074074074
2015-06-02,1614,"3",153,0,57,4.95735557599497,0,4.95735557599497,15.7074074074075,76.2388888888889,0
2015-06-03,1615,"4",154,0,35,6.67162103047794,0,6.67162103047794,13.7777777777778,80.6703703703704,0
2015-06-04,1616,"5",155,0,54,7.31957331518318,0,7.31957331518318,14.6222222222223,78.6666666666667,0
2015-06-05,1617,"6",156,0,43,6.1518121652719,0,6.1518121652719,15.6111111111111,75.4648148148148,0
2015-06-06,1618,"7",157,0,63,5.52561857169757,0,5.52561857169757,15.3962962962963,76.3092592592593,0
2015-06-07,1619,"1",158,0,46,6.17301881606574,0,6.17301881606574,17.1907407407408,69.9907407407407,0
2015-06-08,1620,"2",159,0,56,7.90089873214237,0,7.90089873214237,21.9203703703704,57.9888888888889,0
2015-06-09,1621,"3",160,0,33,6.50702212865983,0,6.50702212865983,18.0981481481482,70.2722222222222,0.677777777777778
2015-06-10,1622,"4",161,0,42,4.37016790100714,0,4.37016790100714,15.937037037037,80.0259259259259,3.57407407407407
2015-06-11,1623,"5",162,0,42,7.08604844530621,0,7.08604844530621,17.3703703703704,71.812962962963,0
2015-06-12,1624,"6",163,0,49,8.09805692017178,0,8.09805692017178,18.8000000000001,65.5166666666667,0
2015-06-13,1625,"7",164,0,58,8.06881188643064,0,8.06881188643064,16.7814814814815,72.7648148148148,0
2015-06-14,1626,"1",165,0,55,8.20477260501248,0,8.20477260501248,14.2944444444445,82.2203703703704,0
2015-06-15,1627,"2",166,0,46,8.14090770527889,0,8.14090770527889,12.8518518518518,88.8388888888889,0
2015-06-16,1628,"3",167,0,54,7.66831747620296,0,7.66831747620296,14.7092592592593,80.2018518518519,0
2015-06-17,1629,"4",168,0,46,9.15226773765932,0,9.15226773765932,15.7925925925927,75.4518518518519,0
2015-06-18,1630,"5",169,0,46,8.27270065050179,0,8.27270065050179,14.2111111111111,81.4277777777778,0
2015-06-19,1631,"6",170,0,23,8.77344042325116,0,8.77344042325116,15.5425925925927,76.1574074074074,0
2015-06-20,1632,"7",171,0,60,8.36302801141936,0,8.36302801141936,16.2796296296297,73.1,0
2015-06-21,1633,"1",172,0,44,6.35208531927559,0,6.35208531927559,14.6296296296297,78.1351851851852,0
2015-06-22,1634,"2",173,0,46,7.11346292009033,0,7.11346292009033,14.012962962963,78.8092592592593,0
2015-06-23,1635,"3",174,0,40,7.73619494256925,0,7.73619494256925,15.3833333333333,75.2518518518519,0
2015-06-24,1636,"4",175,0,44,7.83124449300449,0.524394960065747,7.30684953293874,16.4925925925926,73.3185185185185,0
2015-06-25,1637,"5",176,0,32,9.60334962164386,0.0474289519892744,9.55592066965459,19.9111111111112,63.3185185185185,0
2015-06-26,1638,"6",177,0,40,6.71134093338179,0,6.71134093338179,18.512962962963,69.737037037037,0
2015-06-27,1639,"7",178,0,38,4.93248908575608,0,4.93248908575608,17.25,72.3814814814815,0
2015-06-28,1640,"1",179,0,39,4.32895728243062,0,4.32895728243062,16.6981481481482,76.4166666666667,0
2015-06-29,1641,"2",180,0,46,6.17869735106263,0,6.17869735106263,16.7611111111111,75.2574074074074,0
2015-06-30,1642,"3",181,0,39,7.16322520269791,0,7.16322520269791,20.3888888888889,63.2425925925926,0
2015-07-01,1643,"4",182,0,38,6.24863515424934,0,6.24863515424934,19.2425925925926,68.5962962962963,0
2015-07-02,1644,"5",183,0,35,5.45027457983694,0,5.45027457983694,17.1574074074074,77.2388888888889,0
2015-07-03,1645,"6",184,0,32,4.26429322352119,0,4.26429322352119,18.0500000000001,73.8666666666667,0
2015-07-04,1646,"7",185,0,38,4.42007187380117,0,4.42007187380117,17.3203703703704,77.2111111111111,0
2015-07-05,1647,"1",186,0,46,4.28629133181276,0,4.28629133181276,17.1259259259259,76.4962962962963,0
2015-07-06,1648,"2",187,0,42,4.30593557843256,0,4.30593557843256,17.2,75.8462962962963,0
2015-07-07,1649,"3",188,0,46,4.41046281030549,0,4.41046281030549,17.0296296296297,79.0203703703704,0
2015-07-08,1650,"4",189,0,38,3.27817554789669,0,3.27817554789669,15.2222222222223,88.7851851851852,0.414814814814815
2015-07-09,1651,"5",190,0,28,2.98978339227577,0,2.98978339227577,14.1462962962963,95.5907407407407,2.64814814814815
2015-07-10,1652,"6",191,0,32,2.71296105839039,0,2.71296105839039,16.2018518518519,86.25,0
2015-07-11,1653,"7",192,0,44,3.73184644923176,0,3.73184644923176,16.5703703703704,84.2,0
2015-07-12,1654,"1",193,0,32,3.46649867459463,0,3.46649867459463,17.45,81.1740740740741,0
2015-07-13,1655,"2",194,0,39,3.18803620797471,0,3.18803620797471,17.0740740740741,84.2259259259259,0
2015-07-14,1656,"3",195,0,33,4.36346646854675,0,4.36346646854675,15.5777777777778,91.9222222222222,0
2015-07-15,1657,"4",196,0,32,4.16200840433423,0,4.16200840433423,17.8203703703704,81.0888888888889,0
2015-07-16,1658,"5",197,0,38,3.41249380698531,0,3.41249380698531,17.8833333333333,81.037037037037,0
2015-07-17,1659,"6",198,0,39,3.41779826131346,0,3.41779826131346,18.1407407407407,78.8425925925926,0
2015-07-18,1660,"7",199,0,36,3.31247992512711,0,3.31247992512711,17.6703703703704,78.75,0
2015-07-19,1661,"1",200,0,43,4.45246935597277,0,4.45246935597277,21.6981481481482,63.8944444444445,0
2015-07-20,1662,"2",201,0,42,5.45575416091471,0,5.45575416091471,19.2259259259259,74.9925925925926,0
2015-07-21,1663,"3",202,0,32,4.62467952182077,0,4.62467952182077,16.6185185185186,86.6388888888889,0
2015-07-22,1664,"4",203,0,35,4.89463103505074,0.460744392600121,4.43388664245062,15.4166666666666,92.0796296296296,0
2015-07-23,1665,"5",204,0,37,4.98987443897716,0.468830748845973,4.52104369013118,15.3944444444445,89.2388888888889,0
2015-07-24,1666,"6",205,0,32,3.45202837957397,0.966212708819888,2.48581567075408,16.5351851851852,83.3425925925926,0
2015-07-25,1667,"7",206,0,25,3.61598247008409,0.937184304604127,2.67879816547997,15.8166666666667,87.0740740740741,0
2015-07-26,1668,"1",207,0,39,4.70922772665835,0,4.70922772665835,16.3018518518519,84.6833333333333,0
2015-07-27,1669,"2",208,0,36,6.11071919929752,0,6.11071919929752,19.0055555555556,74.6074074074074,0
2015-07-28,1670,"3",209,0,30,8.14732365179336,1.89081027418765,6.25651337760571,21.8537037037037,63.8037037037037,0
2015-07-29,1671,"4",210,0,21,6.32952963423036,0.397427237678558,5.9321023965518,20.7074074074075,67.4351851851852,0
2015-07-30,1672,"5",211,0,26,4.61690024836616,0.750377906781868,3.86652234158429,18.862962962963,73.9,0
2015-07-31,1673,"6",212,0,38,4.41595772045298,0,4.41595772045298,17.9037037037037,78.0777777777778,0
2015-08-01,1674,"7",213,0,29,6.09165803244436,0.447269285814543,5.64438874662981,18.7407407407408,72.1611111111111,0
2015-08-02,1675,"1",214,0,40,6.34602343057979,0.772884859539304,5.57313857104049,18.6388888888889,72.1851851851852,0
2015-08-03,1676,"2",215,0,27,5.87174761311194,0,5.87174761311194,18.3962962962963,71.6666666666667,0
2015-08-04,1677,"3",216,0,45,4.41197237728729,0,4.41197237728729,17.9481481481482,74.0092592592593,0
2015-08-05,1678,"4",217,0,27,6.23079872404649,0.0323980118146834,6.1984007122318,17.7370370370371,77.4907407407407,0
2015-08-06,1679,"5",218,0,28,7.58241993707489,0,7.58241993707489,18.0370370370371,76.9185185185185,0
2015-08-07,1680,"6",219,0,42,8.39143100422555,2.41073422058765,5.9806967836379,17.6462962962963,79.5981481481481,0
2015-08-08,1681,"7",220,0,30,6.3523390697502,0.515526946481803,5.8368121232684,16.5666666666667,84.6555555555556,0
2015-08-09,1682,"1",221,0,31,5.73642264631918,0,5.73642264631918,17.0296296296297,84.3462962962963,0
2015-08-10,1683,"2",222,0,31,5.61492319556002,0,5.61492319556002,17.05,84.8518518518518,0.396296296296296
2015-08-11,1684,"3",223,0,29,5.0140984438139,0,5.0140984438139,16.7703703703704,84.1351851851852,0
2015-08-12,1685,"4",224,0,40,4.58673225876635,0,4.58673225876635,17.775925925926,77.5074074074074,0
2015-08-13,1686,"5",225,0,40,4.94687925317447,0,4.94687925317447,18.4962962962964,72.7574074074074,0
2015-08-14,1687,"6",226,0,33,4.03717427669876,0,4.03717427669876,17.7074074074075,77.0388888888889,0
2015-08-15,1688,"7",227,0,53,11.3482457394908,2.47119205557326,8.87705368391751,22.7814814814815,61.1666666666667,0
2015-08-16,1689,"1",228,0,38,12.616017473326,2.07261897235205,10.5433985009739,24.5148148148148,55.3925925925926,0
2015-08-17,1690,"2",229,0,39,11.0404582016425,0,11.0404582016425,21.3111111111111,65.9185185185185,0
2015-08-18,1691,"3",230,0,47,8.41233882803681,0,8.41233882803681,18.2907407407407,76.8333333333333,0
2015-08-19,1692,"4",231,0,46,7.39521876903806,0.36741957263748,7.02779919640058,17.7314814814815,77.9666666666667,0
2015-08-20,1693,"5",232,0,28,6.80224832981739,0,6.80224832981739,16.5722222222222,83.312962962963,0
2015-08-21,1694,"6",233,0,45,7.83454581773746,1.07275448450791,6.76179133322954,16.6944444444445,84.9240740740741,0
2015-08-22,1695,"7",234,0,45,6.88750047022459,0.400575484447729,6.48692498577686,17.8722222222223,78.5925925925926,0
2015-08-23,1696,"1",235,0,44,5.96189695194996,0,5.96189695194996,17.5425925925927,78.537037037037,0
2015-08-24,1697,"2",236,0,39,6.97219798971018,0,6.97219798971018,17.4611111111111,78.3925925925926,0
2015-08-25,1698,"3",237,0,38,7.69093226255253,0.451089461324679,7.23984280122785,17.5907407407408,78.6425925925926,0
2015-08-26,1699,"4",238,0,36,7.98992409649479,0,7.98992409649479,19.2333333333333,73.4944444444444,0
2015-08-27,1700,"5",239,0,23,7.15028351161047,0,7.15028351161047,21.85,63.0518518518519,0
2015-08-28,1701,"6",240,0,40,6.23912168758597,0,6.23912168758597,23.4833333333333,60.1351851851852,0.966666666666667
2015-08-29,1702,"7",241,0,38,4.68186581491708,0,4.68186581491708,18.6074074074074,82.25,0.0111111111111111
2015-08-30,1703,"1",242,0,42,4.3910523431348,0.940572279426187,3.45048006370861,18.0222222222222,80.6203703703704,0
2015-08-31,1704,"2",243,0,37,6.03549130182998,0,6.03549130182998,19.7351851851852,73.7462962962963,0
2015-09-01,1705,"3",244,0,35,6.79729378685813,0,6.79729378685813,18.6796296296296,75.7518518518519,0
2015-09-02,1706,"4",245,0,35,5.00904031435191,0,5.00904031435191,18.3092592592593,77.6777777777778,0
2015-09-03,1707,"5",246,0,34,6.9616216233934,0.377068089550812,6.58455353384259,16.9592592592593,81.4555555555556,0
2015-09-04,1708,"6",247,0,42,6.1568203901643,0,6.1568203901643,14.8370370370371,83.3907407407407,0
2015-09-05,1709,"7",248,0,41,5.68128164127522,0,5.68128164127522,17.2351851851852,72.7555555555556,0
2015-09-06,1710,"1",249,0,42,8.14310405483666,0,8.14310405483666,19.9666666666667,65.2666666666667,0
2015-09-07,1711,"2",250,0,52,8.67271741896392,0,8.67271741896392,22.0314814814815,60.4981481481481,0
2015-09-08,1712,"3",251,0,52,9.41727428949357,0,9.41727428949357,24.6666666666667,51.0722222222222,0
2015-09-09,1713,"4",252,0,47,10.3806848894289,0,10.3806848894289,25.1425925925926,50.3425925925926,0
2015-09-10,1714,"5",253,0,47,8.23079569949402,0,8.23079569949402,23.8907407407407,54.1351851851852,0
2015-09-11,1715,"6",254,0,50,8.77057794019662,2.13410391676288,6.63647402343374,20.5537037037037,65.5796296296296,0
2015-09-12,1716,"7",255,0,33,5.54274555180211,0.72828228809877,4.81446326370334,18.6240740740741,73.7462962962963,0
2015-09-13,1717,"1",256,0,42,10.877309613784,3.90659605265086,6.97071356113317,19.7425925925926,70.2148148148148,0
2015-09-14,1718,"2",257,0,39,3.91775160143916,0.851851851851852,3.0658997495873,16.362962962963,84.9351851851852,2.12222222222222
2015-09-15,1719,"3",258,0,41,5.11513494069037,0.744816549998255,4.37031839069211,15.6611111111112,84.5407407407407,0
2015-09-16,1720,"4",259,0,39,2.88690836673771,0.851851851851852,2.03505651488586,15.8333333333334,78.0851851851852,3.47037037037037
2015-09-17,1721,"5",260,0,44,4.18741958748029,0,4.18741958748029,16.4703703703704,81.6518518518519,0
2015-09-18,1722,"6",261,0,38,6.28165828072865,0,6.28165828072865,18.312962962963,71.5666666666667,0
2015-09-19,1723,"7",262,0,56,7.92366360295113,0,7.92366360295113,21.0111111111111,63.4796296296296,0
2015-09-20,1724,"1",263,0,52,9.90368841262153,3.0782068529113,6.82548155971023,24.1148148148148,51.8907407407407,0
2015-09-21,1725,"2",264,0,47,12.1002678376477,5.33724968369442,6.76301815395325,23.3222222222223,58.9907407407407,0
2015-09-22,1726,"3",265,0,43,7.42676198976658,0,7.42676198976658,14.6925925925926,88.5148148148148,0
2015-09-23,1727,"4",266,0,43,7.95079400914936,0,7.95079400914936,17.6703703703704,72.8888888888889,0
2015-09-24,1728,"5",267,0,58,7.77690993811502,0,7.77690993811502,22.3055555555555,57.9740740740741,0
2015-09-25,1729,"6",268,0,28,7.16804798055059,0,7.16804798055059,19.1074074074074,70.1314814814815,0
2015-09-26,1730,"7",269,0,29,6.44549818627894,0,6.44549818627894,18.4962962962963,73.887037037037,0
2015-09-27,1731,"1",270,0,39,7.59558399731137,0,7.59558399731137,18.2277777777778,73.4037037037037,0
2015-09-28,1732,"2",271,0,44,7.46110486904906,0,7.46110486904906,16.7851851851852,79.2962962962963,0
2015-09-29,1733,"3",272,0,41,6.91005009315368,0,6.91005009315368,16.3148148148148,79.7666666666667,0
2015-09-30,1734,"4",273,0,38,5.89076244524051,0,5.89076244524051,16.2611111111111,77.0592592592593,1.47407407407407
2015-10-01,1735,"5",274,0,32,5.53718721398481,0,5.53718721398481,17.3722222222223,73.8037037037037,0
2015-10-02,1736,"6",275,0,37,6.75094728574367,0,6.75094728574367,18.6296296296297,69.6092592592593,0
2015-10-03,1737,"7",276,0,41,7.39958559968762,0,7.39958559968762,17.8611111111111,71.8203703703704,0
2015-10-04,1738,"1",277,0,52,10.1669173799509,3.83231001314099,6.33460736680988,17.2185185185185,71.837037037037,0
2015-10-05,1739,"2",278,0,49,6.57890411693581,0,6.57890411693581,18.0425925925927,71.2518518518519,0
2015-10-06,1740,"3",279,0,36,6.80367379795896,0,6.80367379795896,18.4018518518519,70.5611111111111,0
2015-10-07,1741,"4",280,0,39,8.37210591298248,0,8.37210591298248,18.9277777777778,65.8814814814815,0
2015-10-08,1742,"5",281,0,36,7.86720479023659,0,7.86720479023659,20.6981481481482,61.5555555555556,0
2015-10-09,1743,"6",282,0,33,8.2536564124637,0,8.2536564124637,19.5685185185185,64.7703703703704,0
2015-10-10,1744,"7",283,0,30,6.73627516078668,0,6.73627516078668,18.5166666666667,72.4111111111111,0
2015-10-11,1745,"1",284,0,44,6.29240643494369,0,6.29240643494369,18.8555555555556,72.8833333333333,0
2015-10-12,1746,"2",285,0,54,8.2813410969943,0,8.2813410969943,21.612962962963,59.9185185185185,0
2015-10-13,1747,"3",286,0,51,11.8961351765421,4.47397599893928,7.42215917760278,24.0981481481482,52.6203703703704,0
2015-10-14,1748,"4",287,0,39,8.58418299031031,0,8.58418299031031,21.4777777777778,60.7759259259259,0
2015-10-15,1749,"5",288,0,35,9.2615072657758,0,9.2615072657758,19.5666666666667,68.4425925925926,0
2015-10-16,1750,"6",289,0,40,8.06623379046754,0,8.06623379046754,19.5425925925927,66.6722222222222,0
2015-10-17,1751,"7",290,0,25,3.71024129141385,0,3.71024129141385,17.1555555555556,77.9722222222222,0
2015-10-18,1752,"1",291,0,48,3.90249459623779,0,3.90249459623779,17.2685185185186,76.4351851851852,0
2015-10-19,1753,"2",292,0,39,4.09492935360744,0,4.09492935360744,16.3166666666667,78.6611111111111,0
2015-10-20,1754,"3",293,0,28,4.61415451634969,0,4.61415451634969,18.6888888888889,70.862962962963,0
2015-10-21,1755,"4",294,0,33,7.14003761991759,0,7.14003761991759,18.3462962962963,70.6111111111111,0
2015-10-22,1756,"5",295,0,29,7.83114622707111,0,7.83114622707111,17.5259259259259,73.8981481481482,0
2015-10-23,1757,"6",296,0,26,8.97728028254374,0,8.97728028254374,17.5074074074074,72.9777777777778,0
2015-10-24,1758,"7",297,0,35,8.08299307498105,0,8.08299307498105,17.8685185185185,70.5777777777778,0
2015-10-25,1759,"1",298,0,58,6.29808035021483,0,6.29808035021483,16.9,72.5055555555556,0
2015-10-26,1760,"2",299,0,45,6.67439588272213,0,6.67439588272213,18.1166666666667,69.8518518518519,0
2015-10-27,1761,"3",300,0,34,7.73235320372436,0,7.73235320372436,16.9351851851852,70.0055555555556,0
2015-10-28,1762,"4",301,0,34,4.43545325644027,0,4.43545325644027,16.3814814814815,79.0425925925926,0.32962962962963
2015-10-29,1763,"5",302,0,31,4.73624566144039,0,4.73624566144039,16.3833333333333,75.4425925925926,0
2015-10-30,1764,"6",303,0,39,7.5524087488968,0,7.5524087488968,18.3203703703704,68.8277777777778,0
2015-10-31,1765,"7",304,0,45,7.90415245392696,0,7.90415245392696,20.3796296296297,61.9981481481482,0
2015-11-01,1766,"1",305,0,34,8.30925908651234,0,8.30925908651234,18.9407407407408,66.0074074074074,8.60740740740741
2015-11-02,1767,"2",306,0,53,4.01911541597439,0,4.01911541597439,15.1074074074074,78.9222222222222,7.6
2015-11-03,1768,"3",307,0,41,5.53403011049615,0,5.53403011049615,14.5907407407408,65.6166666666667,0
2015-11-04,1769,"4",308,0,44,5.8627276104561,0,5.8627276104561,14.5703703703704,62.1111111111111,0
2015-11-05,1770,"5",309,0,43,13.084501491772,0,13.084501491772,13.9203703703704,65.412962962963,0
2015-11-06,1771,"6",310,0,33,9.00286971761039,0,9.00286971761039,14.7592592592592,67.0148148148148,0
2015-11-07,1772,"7",311,0,53,9.50741478668687,0,9.50741478668687,14.4944444444445,70.262962962963,0
2015-11-08,1773,"1",312,0,45,7.12790055591516,0,7.12790055591516,13.9092592592593,76.8611111111111,0.548148148148148
2015-11-09,1774,"2",313,0,51,4.92677491878688,0,4.92677491878688,12.3333333333334,76.7240740740741,7.6037037037037
2015-11-10,1775,"3",314,0,39,5.13315425208303,0,5.13315425208303,12.0685185185185,68.9703703703704,0
2015-11-11,1776,"4",315,0,44,7.93481580277568,0,7.93481580277568,12.2685185185185,74.5333333333333,0
2015-11-12,1777,"5",316,0,32,7.70327751735335,0,7.70327751735335,12.9462962962963,73.5814814814815,0
2015-11-13,1778,"6",317,0,35,10.233048812376,0,10.233048812376,14.25,69.4907407407407,0
2015-11-14,1779,"7",318,0,47,11.7372079570672,0,11.7372079570672,13.6814814814815,75.1851851851852,6.1962962962963
2015-11-15,1780,"1",319,0,48,4.36376157171415,0,4.36376157171415,12.9888888888889,76.112962962963,6.31111111111111
2015-11-16,1781,"2",320,0,49,4.93876989419955,0,4.93876989419955,12.7962962962963,54,0
2015-11-17,1782,"3",321,0,49,7.7106462605034,0,7.7106462605034,13.7703703703704,58.887037037037,0
2015-11-18,1783,"4",322,0,41,8.14197533607367,0,8.14197533607367,14.6407407407407,72.0055555555556,0
2015-11-19,1784,"5",323,0,44,7.97149124747771,0,7.97149124747771,15.2388888888889,70.6333333333333,0
2015-11-20,1785,"6",324,0,64,9.19156485733548,0,9.19156485733548,16.3907407407408,68.0296296296296,0
2015-11-21,1786,"7",325,0,69,10.3675135636178,0,10.3675135636178,16.2055555555556,64.1240740740741,0
2015-11-22,1787,"1",326,0,54,10.7551987662103,0,10.7551987662103,15,66.462962962963,0
2015-11-23,1788,"2",327,0,39,12.1064170372814,0,12.1064170372814,12.9611111111111,76.5907407407407,0
2015-11-24,1789,"3",328,0,37,5.77660067109522,0,5.77660067109522,11.7111111111111,80.0018518518519,7.54074074074074
2015-11-25,1790,"4",329,0,29,5.06165189531265,0,5.06165189531265,9.29444444444448,71.1685185185185,0
2015-11-26,1791,"5",330,0,37,8.02448333757184,0,8.02448333757184,9.1444444444445,57.8296296296296,0
2015-11-27,1792,"6",331,0,68,5.61339706817561,0,5.61339706817561,9.8814814814815,47.5314814814815,0
2015-11-28,1793,"7",332,0,63,7.87873622377321,0,7.87873622377321,9.42962962962963,44.8574074074074,0
2015-11-29,1794,"1",333,0,61,10.0368120553834,0,10.0368120553834,9.07407407407413,49.7277777777778,0
2015-11-30,1795,"2",334,0,54,13.8437846995888,0,13.8437846995888,7.22777777777782,74.3351851851852,0
2015-12-01,1796,"3",335,0,34,13.8402062099851,0,13.8402062099851,9.73703703703706,69.5611111111111,0
2015-12-02,1797,"4",336,0,54,17.7424062845624,0,17.7424062845624,11.6296296296297,71.337037037037,0
2015-12-03,1798,"5",337,0,38,8.29143252775682,0,8.29143252775682,12.162962962963,81.3740740740741,6.43333333333333
2015-12-04,1799,"6",338,0,50,8.08590553236824,0,8.08590553236824,12.0148148148148,80.7925925925926,0
2015-12-05,1800,"7",339,0,56,14.7018161201663,0,14.7018161201663,11.1740740740741,76.1796296296296,0
2015-12-06,1801,"1",340,0,59,7.53650987484182,0,7.53650987484182,13.0814814814815,79.2018518518519,2.34074074074074
2015-12-07,1802,"2",341,0,51,11.7949216907776,0,11.7949216907776,13.4537037037037,81.5055555555556,0
2015-12-08,1803,"3",342,0,50,13.0291787229105,0,13.0291787229105,13.8962962962963,78.8962962962963,0
2015-12-09,1804,"4",343,0,53,8.09574253782468,0,8.09574253782468,14.9611111111111,75.4462962962963,5.5
2015-12-10,1805,"5",344,0,37,5.31902029271602,0,5.31902029271602,12.4092592592593,83.6074074074074,13.037037037037
2015-12-11,1806,"6",345,0,47,4.84756066714711,0,4.84756066714711,10.9092592592593,77.6185185185185,1.85925925925926
2015-12-12,1807,"7",346,0,40,5.32508118900993,0,5.32508118900993,10.812962962963,71.6981481481481,3.74814814814815
2015-12-13,1808,"1",347,0,50,4.99791435360834,0,4.99791435360834,10.6592592592593,83.5611111111111,16.137037037037
2015-12-14,1809,"2",348,0,35,5.05685099718497,0,5.05685099718497,9.38333333333333,68.8425925925926,0
2015-12-15,1810,"3",349,0,37,6.25027757526189,0,6.25027757526189,9.09629629629637,65.0685185185185,0
2015-12-16,1811,"4",350,0,40,11.2078531438085,0,11.2078531438085,8.64259259259262,63.4944444444445,0
2015-12-17,1812,"5",351,0,52,13.3815947392655,0,13.3815947392655,9.3481481481482,76.2574074074074,0
2015-12-18,1813,"6",352,0,34,7.90871661333063,0,7.90871661333063,11.3092592592593,81.9407407407407,11.7925925925926
2015-12-19,1814,"7",353,0,47,6.04902834779445,0,6.04902834779445,9.45740740740746,80.3462962962963,0.814814814814815
2015-12-20,1815,"1",354,0,52,6.43609256017803,0,6.43609256017803,9.01666666666665,77.8,29.9925925925926
2015-12-21,1816,"2",355,0,45,3.09255693374245,0,3.09255693374245,13.0925925925926,74.6333333333333,29.4740740740741
2015-12-22,1817,"3",356,0,48,4.10561707796327,0,4.10561707796327,12.9870370370371,83.137037037037,2.08148148148148
2015-12-23,1818,"4",357,0,46,4.63799777313397,0,4.63799777313397,10.8648148148148,71.9037037037037,1.35555555555556
2015-12-24,1819,"5",358,0,48,4.32140263450703,0,4.32140263450703,8.32777777777778,79.4425925925926,3.18148148148148
2015-12-25,1820,"6",359,0,53,5.34464785320088,0,5.34464785320088,7.512962962963,77.6907407407408,0
2015-12-26,1821,"7",360,0,73,6.91710580898431,0,6.91710580898431,6.99814814814818,67.1333333333333,0
2015-12-27,1822,"1",361,0,72,13.0370537022546,0,13.0370537022546,5.11111111111114,72.5648148148148,1.76296296296296
2015-12-28,1823,"2",362,0,70,8.06070394132381,0,8.06070394132381,6.19444444444446,81.6037037037037,0
2015-12-29,1824,"3",363,0,64,8.54999725545871,0,8.54999725545871,7.21111111111111,74.8407407407407,0
2015-12-30,1825,"4",364,0,60,12.7734906815121,0,12.7734906815121,6.81296296296296,74.8796296296296,0.785185185185185
2015-12-31,1826,"5",365,0,54,13.1675221337223,0,13.1675221337223,6.82592592592596,74.1648148148148,0
2016-01-01,1827,"6",1,0,74,9.60205114182396,0,9.60205114182396,7.64629629629633,58.0703703703704,0
2016-01-02,1828,"7",2,0,72,9.91998740089934,0,9.91998740089934,9.29444444444448,66.1611111111111,0
2016-01-03,1829,"1",3,0,70,8.94768536773612,0,8.94768536773612,10.8407407407408,78.9092592592593,2.27777777777778
2016-01-04,1830,"2",4,0,76,6.54260342015638,0,6.54260342015638,11.9537037037037,74.5222222222222,18.1333333333333
2016-01-05,1831,"3",5,0,64,3.69148888574552,0,3.69148888574552,11.6574074074074,76.3407407407407,29.4074074074074
2016-01-06,1832,"4",6,0,76,4.25818359320147,0,4.25818359320147,10.7240740740741,75.2907407407407,21.1111111111111
2016-01-07,1833,"5",7,0,58,8.96042589888409,0,8.96042589888409,9.96111111111111,73.2148148148148,0.377777777777778
2016-01-08,1834,"6",8,0,66,11.3641420640014,0,11.3641420640014,9.78333333333336,78.0648148148148,2.62592592592593
2016-01-09,1835,"7",9,0,66,8.56128565486063,0,8.56128565486063,11.2203703703703,78.3240740740741,1.0962962962963
2016-01-10,1836,"1",10,0,58,8.071959219696,0,8.071959219696,11.3685185185186,73.8,0
2016-01-11,1837,"2",11,0,68,9.18490939177647,0,9.18490939177647,12.3148148148148,75.6777777777778,0
2016-01-12,1838,"3",12,0,66,9.05833243879803,0,9.05833243879803,12.7222222222223,77.75,9.34074074074074
2016-01-13,1839,"4",13,0,64,7.06188733840735,0,7.06188733840735,11.8888888888889,80.3185185185185,2.47407407407407
2016-01-14,1840,"5",14,0,57,7.0366003625745,0,7.0366003625745,11.3425925925926,82.3685185185185,5.23333333333333
2016-01-15,1841,"6",15,0,81,8.4411594143402,0,8.4411594143402,12.5148148148148,78.3962962962963,5.95555555555556
2016-01-16,1842,"7",16,0,72,6.67861625213806,0,6.67861625213806,13.4314814814815,76.1518518518519,6.22962962962963
2016-01-17,1843,"1",17,0,61,5.34706924978093,0,5.34706924978093,14.0185185185186,75.1092592592593,35.4592592592593
2016-01-18,1844,"2",18,0,86,7.28015261394857,0,7.28015261394857,13.6222222222223,74.05,15.8851851851852
2016-01-19,1845,"3",19,0,62,4.54983369317783,0,4.54983369317783,13.1703703703704,81.4425925925926,17.4481481481481
2016-01-20,1846,"4",20,0,72,12.0148291011592,0,12.0148291011592,11.9333333333333,78.887037037037,0
2016-01-21,1847,"5",21,0,68,7.63193731261994,0,7.63193731261994,13.8722222222223,72.7222222222222,2.62592592592593
2016-01-22,1848,"6",22,0,65,4.14080570407665,0,4.14080570407665,13.7907407407407,74.3722222222222,5.88518518518519
2016-01-23,1849,"7",23,0,86,6.16349738372218,0,6.16349738372218,12.2037037037037,75.3111111111111,0.677777777777778
2016-01-24,1850,"1",24,0,65,7.51809277647586,0,7.51809277647586,11.8796296296297,73.012962962963,0
2016-01-25,1851,"2",25,0,71,9.86273443372587,0,9.86273443372587,12.2981481481481,74.1592592592593,0
2016-01-26,1852,"3",26,0,72,13.8492591178696,0,13.8492591178696,12.0018518518518,79.4407407407408,0
2016-01-27,1853,"4",27,0,62,12.5683083771243,0,12.5683083771243,13.6074074074074,75.4314814814815,0
2016-01-28,1854,"5",28,0,59,15.6293391761244,0,15.6293391761244,12.4296296296296,80.5259259259259,0
2016-01-29,1855,"6",29,0,71,5.14092988259528,0,5.14092988259528,13.7925925925927,77.7111111111111,10.9333333333333
2016-01-30,1856,"7",30,0,77,4.58834078405757,0,4.58834078405757,12.3555555555556,66.8037037037037,0
2016-01-31,1857,"1",31,0,52,4.15408987581424,0,4.15408987581424,10.8148148148148,60.0333333333333,0
2016-02-01,1858,"2",32,0,76,5.02751170591192,0,5.02751170591192,10.837037037037,50.0203703703704,3.54444444444444
2016-02-02,1859,"3",33,0,75,5.46162837327593,0,5.46162837327593,9.27037037037042,54.1111111111111,0.42962962962963
2016-02-03,1860,"4",34,0,60,6.79998888520802,0,6.79998888520802,9.98333333333335,43.8314814814815,0
2016-02-04,1861,"5",35,0,68,8.6049963113786,0,8.6049963113786,11.9333333333333,59.8148148148148,0
2016-02-05,1862,"6",36,0,87,10.3739892048991,0,10.3739892048991,12.2537037037038,56.4833333333333,0
2016-02-06,1863,"7",37,0,90,11.1019126503763,0,11.1019126503763,13.7611111111112,54.7314814814815,0
2016-02-07,1864,"1",38,0,112,10.8345374630222,0,10.8345374630222,15.75,57.087037037037,0
2016-02-08,1865,"2",39,0,79,10.0733948271672,0,10.0733948271672,17.8722222222223,49.7814814814815,0
2016-02-09,1866,"3",40,0,101,13.6246947731972,0,13.6246947731972,16.6518518518519,53.162962962963,0
2016-02-10,1867,"4",41,0,77,14.7251945519793,0,14.7251945519793,15.7277777777778,73.0703703703704,0
2016-02-11,1868,"5",42,0,85,14.1474926253219,0,14.1474926253219,15.7648148148148,74.9185185185185,0
2016-02-12,1869,"6",43,0,85,11.4737948012915,0,11.4737948012915,14.8962962962963,72.062962962963,0
2016-02-13,1870,"7",44,0,101,8.88576898397447,0,8.88576898397447,14.9703703703703,72.6888888888889,0
2016-02-14,1871,"1",45,0,99,7.86524448976632,0,7.86524448976632,16.7740740740741,70.0537037037037,0
2016-02-15,1872,"2",46,0,114,8.89407063070548,0,8.89407063070548,18.3388888888889,67.5907407407407,0
2016-02-16,1873,"3",47,0,73,12.7818984751642,0,12.7818984751642,18.2,63.0259259259259,0
2016-02-17,1874,"4",48,0,64,6.05168666981011,0,6.05168666981011,14.6574074074074,72.0796296296296,15.2111111111111
2016-02-18,1875,"5",49,0,70,5.59156185361421,0,5.59156185361421,12.7759259259259,62.1962962962963,0.759259259259259
2016-02-19,1876,"6",50,0,71,5.33536525955027,0,5.33536525955027,12.3314814814815,70.9259259259259,2.15185185185185
2016-02-20,1877,"7",51,0,76,9.14332474915989,0,9.14332474915989,11.7370370370371,57.5740740740741,0
2016-02-21,1878,"1",52,0,87,8.07427006851747,0,8.07427006851747,12.4962962962964,64.9722222222222,0
2016-02-22,1879,"2",53,0,72,8.45208511066148,0,8.45208511066148,15.1333333333333,77.7888888888889,0
2016-02-23,1880,"3",54,0,67,11.0322735031817,0,11.0322735031817,15.4462962962963,79.1666666666667,0
2016-02-24,1881,"4",55,0,65,11.8666672421151,0,11.8666672421151,15.4685185185185,79.3018518518519,0
2016-02-25,1882,"5",56,0,73,12.6984373162336,0,12.6984373162336,16.5944444444444,80.3962962962963,0
2016-02-26,1883,"6",57,0,77,8.68432428848073,0,8.68432428848073,14.5407407407408,79.8185185185185,0.0777777777777778
2016-02-27,1884,"7",58,0,68,6.44869101337082,0,6.44869101337082,14.762962962963,80.0407407407407,0
2016-02-28,1885,"1",59,0,83,7.1972697065117,0,7.1972697065117,14.2018518518519,76.8722222222222,0
2016-02-29,1886,"2",60,0,76,9.91418907557273,0,9.91418907557273,15.9333333333334,85.3666666666667,0
2016-03-01,1887,"3",61,0,75,8.04167931086588,0,8.04167931086588,15.8018518518519,65.0648148148148,0
2016-03-02,1888,"4",62,0,70,6.12658706477086,0,6.12658706477086,15.1592592592593,71.1185185185185,0
2016-03-03,1889,"5",63,0,74,4.41481096806577,0,4.41481096806577,15.1796296296296,77.012962962963,3.86296296296296
2016-03-04,1890,"6",64,0,61,3.63647074797171,0,3.63647074797171,15.8888888888889,74.6462962962963,12.7037037037037
2016-03-05,1891,"7",65,0,50,2.64568828314623,0,2.64568828314623,15.0555555555555,80.3240740740741,39.9703703703704
2016-03-06,1892,"1",66,0,69,3.54349026539895,0,3.54349026539895,12.6092592592593,72.8166666666667,18.2296296296296
2016-03-07,1893,"2",67,0,61,3.91863514314141,0,3.91863514314141,11.7537037037038,73.45,3.02222222222222
2016-03-08,1894,"3",68,0,62,4.38970364688019,0,4.38970364688019,11.1611111111112,74.2185185185185,2.2037037037037
2016-03-09,1895,"4",69,0,66,4.26141617797991,0,4.26141617797991,14.0833333333334,78.0351851851852,1.76666666666667
2016-03-10,1896,"5",70,0,51,4.03003850153949,0,4.03003850153949,15.4351851851852,78.2018518518519,37.537037037037
2016-03-11,1897,"6",71,0,61,3.97657561465311,0,3.97657561465311,12.6388888888889,82.7444444444444,11.5925925925926
2016-03-12,1898,"7",72,0,71,3.65109841513704,0,3.65109841513704,12.5962962962963,73.45,34.7
2016-03-13,1899,"1",73,0,66,4.32207256447669,0,4.32207256447669,13.8703703703704,72.7462962962963,13.9592592592593
2016-03-14,1900,"2",74,0,83,4.80785014841037,0,4.80785014841037,12.2851851851852,77.2425925925926,0
2016-03-15,1901,"3",75,0,70,5.99751378690088,0,5.99751378690088,13.0259259259259,70.9351851851852,0
2016-03-16,1902,"4",76,0,79,7.84389401047402,0,7.84389401047402,14.9185185185186,69.9851851851852,0
2016-03-17,1903,"5",77,0,82,8.67849072128605,0,8.67849072128605,16.6537037037037,64.2037037037037,0
2016-03-18,1904,"6",78,0,69,8.85091357671478,0,8.85091357671478,13.5462962962963,75.0888888888889,0
2016-03-19,1905,"7",79,0,70,6.94126103904812,0,6.94126103904812,14.4333333333334,69.8481481481482,0
2016-03-20,1906,"1",80,0,66,3.70052317814013,0,3.70052317814013,14.8685185185186,72.4074074074074,4.72222222222222
2016-03-21,1907,"2",81,0,83,4.56012503798617,0,4.56012503798617,13.325925925926,77.3,6.86666666666667
2016-03-22,1908,"3",82,0,78,5.07259772802013,0,5.07259772802013,12.7185185185185,70.6314814814815,0
2016-03-23,1909,"4",83,0,79,6.59283782826015,0,6.59283782826015,13.5370370370371,67.1537037037037,0
2016-03-24,1910,"5",84,0,80,7.29030026948729,0,7.29030026948729,14.3333333333334,73.4037037037037,0
2016-03-25,1911,"6",85,0,69,7.3794719554898,0,7.3794719554898,14.6111111111111,72.3185185185185,0
2016-03-26,1912,"7",86,0,70,7.64299015111419,0,7.64299015111419,14.8833333333333,73.6740740740741,0
2016-03-27,1913,"1",87,0,69,6.70143957351751,0,6.70143957351751,12.8592592592593,77.5685185185185,0
2016-03-28,1914,"2",88,0,88,5.06417761002529,0,5.06417761002529,11.9574074074075,68.7777777777778,0
2016-03-29,1915,"3",89,0,80,5.52060313798735,0,5.52060313798735,12.3351851851852,72.5907407407407,0
2016-03-30,1916,"4",90,0,65,6.36636585924077,0,6.36636585924077,12.8722222222223,75.1944444444445,0
2016-03-31,1917,"5",91,0,56,7.59269518201909,0,7.59269518201909,13.6425925925926,72.0944444444444,0
2016-04-01,1918,"6",92,0,64,8.875130383468,0,8.875130383468,13.1833333333333,73.9907407407407,0
2016-04-02,1919,"7",93,0,67,9.9295224617534,0,9.9295224617534,13.9296296296296,71.3666666666667,0
2016-04-03,1920,"1",94,0,73,8.62837409876227,0,8.62837409876227,13.2425925925926,76.4074074074074,0
2016-04-04,1921,"2",95,0,73,7.30074950948947,0,7.30074950948947,14.7037037037037,69.8944444444444,0
2016-04-05,1922,"3",96,0,57,8.68822977128822,0,8.68822977128822,17.2092592592593,60.6944444444444,0
2016-04-06,1923,"4",97,0,51,9.74552909673591,0,9.74552909673591,21.7148148148148,48.4962962962963,0
2016-04-07,1924,"5",98,0,68,7.66740125897133,0,7.66740125897133,16.462962962963,63.7222222222222,0
2016-04-08,1925,"6",99,0,63,6.22673495763866,0,6.22673495763866,15.4555555555556,73.6018518518519,7.76666666666667
2016-04-09,1926,"7",100,0,58,4.41905419944886,0,4.41905419944886,14.4925925925926,80.0240740740741,10.7037037037037
2016-04-10,1927,"1",101,0,51,4.48155102214868,0,4.48155102214868,13.4592592592593,84.762962962963,0.685185185185185
2016-04-11,1928,"2",102,0,61,6.92622016536276,0,6.92622016536276,14.5111111111112,72.7981481481482,0
2016-04-12,1929,"3",103,0,61,6.05168969496339,0,6.05168969496339,13.7759259259259,75.2555555555556,0
2016-04-13,1930,"4",104,0,57,6.13729506471717,0,6.13729506471717,13.7944444444445,70.1203703703704,0.148148148148148
2016-04-14,1931,"5",105,0,62,5.87563073601102,0,5.87563073601102,13.2296296296297,76.9592592592593,0.474074074074074
2016-04-15,1932,"6",106,0,60,7.10936021844845,0,7.10936021844845,14.587037037037,66.4518518518519,0
2016-04-16,1933,"7",107,0,59,9.14395230979432,0,9.14395230979432,17.9722222222223,58.0203703703704,0
2016-04-17,1934,"1",108,0,61,10.0893748523796,0,10.0893748523796,19.062962962963,52.5962962962963,0
2016-04-18,1935,"2",109,0,66,10.2964613421554,0,10.2964613421554,19.0555555555555,49.6888888888889,0
2016-04-19,1936,"3",110,0,55,9.72726841357311,0,9.72726841357311,17.8166666666667,57.6592592592593,0
2016-04-20,1937,"4",111,0,47,7.12563103852126,0,7.12563103852126,16.462962962963,65.45,0
2016-04-21,1938,"5",112,0,60,4.78042181191837,0,4.78042181191837,16.9185185185186,63.6,3.58518518518519
2016-04-22,1939,"6",113,0,40,4.712353166173,0,4.712353166173,13.7092592592593,73.8648148148148,3.88888888888889
2016-04-23,1940,"7",114,0,50,6.40960705753276,0,6.40960705753276,14.1240740740741,70.5240740740741,0
2016-04-24,1941,"1",115,0,51,6.05327212321997,0,6.05327212321997,13.5666666666667,75.2203703703704,0
2016-04-25,1942,"2",116,0,51,8.0605952530196,0,8.0605952530196,12.7407407407408,70.8907407407407,0
2016-04-26,1943,"3",117,0,62,7.13983731533732,0,7.13983731533732,12.9925925925926,78.1611111111111,0
2016-04-27,1944,"4",118,0,43,5.08716212508948,0,5.08716212508948,13.1777777777778,79.4351851851852,2.59259259259259
2016-04-28,1945,"5",119,0,43,7.97907681926116,0,7.97907681926116,13.9425925925926,77.4203703703704,0
2016-04-29,1946,"6",120,0,34,8.60292794653804,0,8.60292794653804,13.6796296296296,78.2407407407407,0
2016-04-30,1947,"7",121,0,50,6.58978267738465,0,6.58978267738465,17.5740740740741,67.8740740740741,0
2016-05-01,1948,"1",122,0,64,9.21207074565353,0,9.21207074565353,17.4240740740741,59.8074074074074,0
2016-05-02,1949,"2",123,0,51,7.59367803311333,0,7.59367803311333,13.9759259259259,77.7962962962963,0
2016-05-03,1950,"3",124,0,58,7.19206457850711,0,7.19206457850711,14.5814814814815,77.5407407407407,0
2016-05-04,1951,"4",125,0,48,6.29605301170523,0,6.29605301170523,14.65,75.7574074074074,0
2016-05-05,1952,"5",126,0,50,4.82895248638638,0,4.82895248638638,14.6351851851852,74.187037037037,0
2016-05-06,1953,"6",127,0,47,5.69913435859537,0,5.69913435859537,13.0537037037037,84.0851851851852,2.12592592592593
2016-05-07,1954,"7",128,0,49,5.78552763403923,0,5.78552763403923,14.0148148148148,82.7888888888889,1.87037037037037
2016-05-08,1955,"1",129,0,43,5.50583512059745,0,5.50583512059745,14.2185185185185,81.7537037037037,0
2016-05-09,1956,"2",130,0,47,5.501733687448,0,5.501733687448,13.5277777777778,80.6833333333333,0
2016-05-10,1957,"3",131,0,41,7.30884403285506,0,7.30884403285506,14.0092592592592,77.4666666666667,0
2016-05-11,1958,"4",132,0,37,7.33543688954881,0,7.33543688954881,13.9240740740741,79.9166666666667,0
2016-05-12,1959,"5",133,0,40,6.89853196798138,0,6.89853196798138,13.7685185185185,79.7740740740741,0
2016-05-13,1960,"6",134,0,48,6.30413967227727,0,6.30413967227727,14.4407407407408,74.7703703703704,0
2016-05-14,1961,"7",135,0,48,4.6713567572592,0,4.6713567572592,15.7851851851852,72.3851851851852,0
2016-05-15,1962,"1",136,0,55,5.52618204650851,0,5.52618204650851,15.1407407407407,75.3351851851852,0
2016-05-16,1963,"2",137,0,52,7.72124419176271,0,7.72124419176271,15.7888888888889,72.7351851851852,0
2016-05-17,1964,"3",138,0,56,7.27004564229639,0,7.27004564229639,19.9574074074075,60.2925925925926,0
2016-05-18,1965,"4",139,0,34,10.0461048949227,0,10.0461048949227,16.6407407407407,65.1907407407408,0
2016-05-19,1966,"5",140,0,50,8.8623791508918,0,8.8623791508918,14.0333333333334,78.9277777777778,0
2016-05-20,1967,"6",141,0,41,6.58571768706112,0,6.58571768706112,12.7796296296297,77.5814814814815,0
2016-05-21,1968,"7",142,0,56,5.5667339208728,0,5.5667339208728,13.4944444444445,73.3944444444444,0
2016-05-22,1969,"1",143,0,55,4.91630701630515,0,4.91630701630515,13.9407407407408,74.4018518518519,0
2016-05-23,1970,"2",144,0,52,4.59844529828668,0,4.59844529828668,14.4203703703704,73.0907407407407,0
2016-05-24,1971,"3",145,0,31,4.72232092893998,0,4.72232092893998,14.3055555555555,74.6981481481482,0
2016-05-25,1972,"4",146,0,45,5.64755825003031,0,5.64755825003031,14.3092592592593,76.4185185185185,0
2016-05-26,1973,"5",147,0,45,7.05355558049294,0,7.05355558049294,14.5740740740741,72.9222222222222,0
2016-05-27,1974,"6",148,0,43,9.00214414343968,0,9.00214414343968,15.8666666666667,69.05,0
2016-05-28,1975,"7",149,0,55,10.6137242883263,0,10.6137242883263,17.6203703703704,60.5555555555556,0
2016-05-29,1976,"1",150,0,45,9.45690628672343,0,9.45690628672343,15.1555555555556,69.5518518518519,0
2016-05-30,1977,"2",151,0,61,8.7026588201151,0,8.7026588201151,15.8185185185185,68.4,0
2016-05-31,1978,"3",152,0,43,8.50906502533512,0,8.50906502533512,16.0796296296296,69.6166666666667,0
2016-06-01,1979,"4",153,0,48,7.09568792610182,0,7.09568792610182,14.95,76.1296296296296,0
2016-06-02,1980,"5",154,0,42,7.63638106257906,0,7.63638106257906,15.9666666666667,71.962962962963,0
2016-06-03,1981,"6",155,0,43,9.28749989915727,0,9.28749989915727,19.2148148148149,62.1777777777778,0
2016-06-04,1982,"7",156,0,35,6.99898765253868,0,6.99898765253868,16.3981481481482,72.9037037037037,0
2016-06-05,1983,"1",157,0,37,6.45116783694511,0,6.45116783694511,15.8222222222223,74.1111111111111,0
2016-06-06,1984,"2",158,0,48,5.31996108342272,0,5.31996108342272,15.0333333333334,80.3592592592593,0
2016-06-07,1985,"3",159,0,33,4.86489519294484,0,4.86489519294484,15.962962962963,76.6111111111111,0
2016-06-08,1986,"4",160,0,38,5.21567519214625,0,5.21567519214625,15.8962962962963,76.9981481481481,0
2016-06-09,1987,"5",161,0,30,6.04898032703035,0,6.04898032703035,14.9092592592593,79.6888888888889,0
2016-06-10,1988,"6",162,0,37,6.69300841860822,0,6.69300841860822,14.8666666666667,77.2777777777778,0
2016-06-11,1989,"7",163,0,42,6.55974574433751,0,6.55974574433751,17.2055555555556,67.6648148148148,0
2016-06-12,1990,"1",164,0,37,6.92750037748527,0,6.92750037748527,15.6703703703704,69.25,0
2016-06-13,1991,"2",165,0,52,7.04279200995796,0,7.04279200995796,14.5,79.7462962962963,0
2016-06-14,1992,"3",166,0,41,6.45170526464244,0,6.45170526464244,14.1740740740741,78.8111111111111,0
2016-06-15,1993,"4",167,0,43,5.24332712543839,0,5.24332712543839,13.8574074074074,76.4333333333333,0
2016-06-16,1994,"5",168,0,31,4.58242768867863,0,4.58242768867863,16.3944444444445,66.3166666666667,0
2016-06-17,1995,"6",169,0,36,4.04602759549801,0,4.04602759549801,16.5166666666667,73.112962962963,0
2016-06-18,1996,"7",170,0,45,4.48751349189644,0,4.48751349189644,17.0296296296297,69.9333333333333,0
2016-06-19,1997,"1",171,0,37,7.46649386226,0,7.46649386226,18.9611111111111,60.0240740740741,0
2016-06-20,1998,"2",172,0,47,8.75731857919006,0,8.75731857919006,16.6611111111112,68.5814814814815,0
2016-06-21,1999,"3",173,0,48,10.0486059245755,0,10.0486059245755,17.0537037037037,66.0388888888889,0
2016-06-22,2000,"4",174,0,45,7.55231932692045,0,7.55231932692045,14.1888888888889,81.3166666666667,0
2016-06-23,2001,"5",175,0,33,7.92234369389654,0,7.92234369389654,15.9962962962963,74.787037037037,0
2016-06-24,2002,"6",176,0,39,8.09472692559253,0,8.09472692559253,15.8425925925926,73.2,0
2016-06-25,2003,"7",177,0,30,10.3660381780232,0,10.3660381780232,17.2703703703704,64.5685185185185,0
2016-06-26,2004,"1",178,0,31,9.43761670085513,0,9.43761670085513,16.1722222222222,69.9407407407408,0
2016-06-27,2005,"2",179,0,39,8.81879824292492,0,8.81879824292492,16.2,67.2944444444445,0
2016-06-28,2006,"3",180,0,38,9.3422513948859,0,9.3422513948859,14.4203703703704,73.1,0
2016-06-29,2007,"4",181,0,39,7.95167982537256,0,7.95167982537256,12.6574074074074,83.187037037037,0
2016-06-30,2008,"5",182,0,35,7.93048593521155,0,7.93048593521155,15.3666666666667,77.6796296296296,0
2016-07-01,2009,"6",183,0,36,7.16522392370771,0,7.16522392370771,14.0166666666667,81.2944444444445,0
2016-07-02,2010,"7",184,0,34,5.18375903618268,0,5.18375903618268,14.3555555555556,84.7703703703704,0
2016-07-03,2011,"1",185,0,34,4.76726755835896,0,4.76726755835896,14.4444444444445,82.9,0
2016-07-04,2012,"2",186,0,37,5.12144115237236,0,5.12144115237236,14.8,80.0592592592593,0
2016-07-05,2013,"3",187,0,41,5.76556289884256,0,5.76556289884256,13.6074074074074,83.5592592592593,0
2016-07-06,2014,"4",188,0,43,5.47969879283124,0,5.47969879283124,13.5092592592593,85.45,0
2016-07-07,2015,"5",189,0,31,5.34879142977179,0,5.34879142977179,13.6222222222223,87.9351851851852,0
2016-07-08,2016,"6",190,0,34,4.56143994348928,0,4.56143994348928,15.0277777777778,83.8666666666667,0
2016-07-09,2017,"7",191,0,42,4.02958934093981,0,4.02958934093981,16.2407407407408,79.0703703703704,0
2016-07-10,2018,"1",192,0,40,5.09027452724907,0,5.09027452724907,16.8222222222223,73.737037037037,0
2016-07-11,2019,"2",193,0,45,6.95313501230096,0,6.95313501230096,15.6166666666667,75.6407407407407,0
2016-07-12,2020,"3",194,0,33,6.13428609240979,0,6.13428609240979,15.0777777777778,80.9074074074074,0
2016-07-13,2021,"4",195,0,37,7.64031233141696,0,7.64031233141696,17.3,70.7888888888889,0
2016-07-14,2022,"5",196,0,32,7.55894117938132,0,7.55894117938132,15.3351851851852,76.7555555555556,0
2016-07-15,2023,"6",197,0,43,5.67686483880327,0,5.67686483880327,15.337037037037,78.8481481481482,0
2016-07-16,2024,"7",198,0,39,5.57795503829071,0,5.57795503829071,14.9333333333334,80.8277777777778,0
2016-07-17,2025,"1",199,0,38,5.07547084977424,0,5.07547084977424,14.1388888888889,88.3611111111111,0
2016-07-18,2026,"2",200,0,27,4.55771809769542,0,4.55771809769542,14.9833333333333,84.7055555555556,0
2016-07-19,2027,"3",201,0,34,5.59252963545103,0,5.59252963545103,15.1944444444445,83.6759259259259,0
2016-07-20,2028,"4",202,0,38,6.32406126039197,0,6.32406126039197,15.2314814814815,80.9166666666667,0
2016-07-21,2029,"5",203,0,39,5.15456723564586,0,5.15456723564586,15.6259259259259,81.8703703703704,0
2016-07-22,2030,"6",204,0,26,7.04348368892679,0,7.04348368892679,16.0203703703704,77.1388888888889,0
2016-07-23,2031,"7",205,0,35,8.34326950529816,0,8.34326950529816,17.5074074074074,69.6925925925926,0
2016-07-24,2032,"1",206,0,41,7.28252946268379,0,7.28252946268379,15.5722222222223,74.9055555555556,0
2016-07-25,2033,"2",207,0,50,5.04485479684473,0,5.04485479684473,15.7092592592593,77.8648148148148,0
2016-07-26,2034,"3",208,0,28,8.02950845347657,1.68111051721106,6.34839793626551,18.0555555555556,68.3907407407407,0
2016-07-27,2035,"4",209,0,43,7.82630781992038,1.14556876324001,6.68073905668037,16.5796296296297,71.9814814814815,0
2016-07-28,2036,"5",210,0,29,6.4028889871075,0.401755603198964,6.00113338390854,15.6259259259259,73.1425925925926,0
2016-07-29,2037,"6",211,0,24,6.54054940068279,0,6.54054940068279,15.7166666666667,73.9333333333333,0
2016-07-30,2038,"7",212,0,40,5.2559921685007,0.285352535500872,4.97063963299983,15.4648148148149,78.3925925925926,0
2016-07-31,2039,"1",213,0,34,4.74794794639547,0,4.74794794639547,15.8759259259259,76.2944444444445,0
2016-08-01,2040,"2",214,0,44,7.53476414117062,0.466563316173504,7.06820082499712,15.9648148148149,70.7574074074074,0
2016-08-02,2041,"3",215,0,33,8.07925052855433,0.732494010311605,7.34675651824272,15.4111111111112,71.6685185185185,0
2016-08-03,2042,"4",216,0,47,7.30706669640003,0.177411625146708,7.12965507125332,15.325925925926,71.2777777777778,0
2016-08-04,2043,"5",217,0,29,8.03926009922323,1.21377045962453,6.8254896395987,14.0981481481482,82.1703703703704,1.60740740740741
2016-08-05,2044,"6",218,0,40,6.13324052946487,0,6.13324052946487,14.6259259259259,77.8814814814815,0
2016-08-06,2045,"7",219,0,35,7.00011772514309,0,7.00011772514309,14.0481481481482,82.5611111111111,0
2016-08-07,2046,"1",220,0,53,6.58706725299241,0,6.58706725299241,15.4055555555556,75.2518518518519,0
2016-08-08,2047,"2",221,0,43,7.72167043650827,0,7.72167043650827,16.2,72.1407407407407,0
2016-08-09,2048,"3",222,0,34,6.30715434588548,0,6.30715434588548,16.2037037037038,75.3148148148148,0
2016-08-10,2049,"4",223,0,36,8.06846079220779,0.857483252937111,7.21097753927068,15.6148148148148,74.1351851851852,0
2016-08-11,2050,"5",224,0,36,8.88139036905579,1.47817056986844,7.40321979918735,15.6148148148148,74.0351851851852,0.225925925925926
2016-08-12,2051,"6",225,0,38,7.01173535483395,0,7.01173535483395,15.087037037037,74.4574074074074,0
2016-08-13,2052,"7",226,0,37,8.22474346556822,0.315904649625994,7.90883881594223,15.9185185185186,72.6037037037037,0
2016-08-14,2053,"1",227,0,38,6.47670128942925,0.132312514936032,6.34438877449322,15.0814814814815,75.8166666666667,0
2016-08-15,2054,"2",228,0,45,6.2033791376571,0.00268762932890509,6.20069150832819,14.825925925926,76.9351851851852,0
2016-08-16,2055,"3",229,0,26,6.45942980931181,0,6.45942980931181,14.7296296296296,75.0185185185185,0
2016-08-17,2056,"4",230,0,42,6.54574193005517,0,6.54574193005517,15.4537037037037,71.75,0
2016-08-18,2057,"5",231,0,45,11.0536082172659,3.47570081422539,7.57790740304051,16.1592592592593,72.8611111111111,0
2016-08-19,2058,"6",232,0,35,12.7395367433129,5.13975841777776,7.59977832553516,16.0037037037038,73.6055555555556,0
2016-08-20,2059,"7",233,0,36,9.36143701693984,0.425411772266424,8.93602524467342,15.6814814814815,75.5648148148148,0
2016-08-21,2060,"1",234,0,36,9.24742629100626,1.72417325493546,7.5232530360708,15.6685185185186,74.4018518518519,0
2016-08-22,2061,"2",235,0,46,8.52446638303404,1.13232226725819,7.39214411577585,15.5833333333334,78.2611111111111,0
2016-08-23,2062,"3",236,0,40,8.78204534316881,1.46396396215898,7.31808138100983,16.1370370370371,73.6296296296296,0
2016-08-24,2063,"4",237,0,39,8.28057684853354,0.856787043274918,7.42378980525862,14.9148148148148,74.2814814814815,0
2016-08-25,2064,"5",238,0,39,6.61618040397083,0,6.61618040397083,14.9648148148149,76.8722222222222,0
2016-08-26,2065,"6",239,0,54,6.12053483215628,0,6.12053483215628,16.9185185185185,72.9592592592593,0
2016-08-27,2066,"7",240,0,43,8.67645785664845,1.20500997002049,7.47144788662796,16.5944444444444,75.0518518518519,0
2016-08-28,2067,"1",241,0,53,6.34911219719642,0,6.34911219719642,16.3351851851852,73.1092592592593,0
2016-08-29,2068,"2",242,0,39,6.04899742722033,0,6.04899742722033,16.5722222222223,74.0740740740741,0
2016-08-30,2069,"3",243,0,43,6.09760293738514,0,6.09760293738514,17.5888888888889,72.5074074074074,0
2016-08-31,2070,"4",244,0,38,6.29884480865402,0,6.29884480865402,16.7037037037037,78.2703703703704,0
2016-09-01,2071,"5",245,0,42,7.63568559230973,0,7.63568559230973,14.8537037037037,79.4888888888889,0
2016-09-02,2072,"6",246,0,55,8.02209807633938,0,8.02209807633938,16.1092592592593,76.1240740740741,0
2016-09-03,2073,"7",247,0,47,9.27497053049484,1.4831101367764,7.79186039371844,14.7092592592593,83.1018518518518,0
2016-09-04,2074,"1",248,0,48,9.28833070429673,1.89598902963175,7.39234167466499,14.825925925926,81.5666666666667,0
2016-09-05,2075,"2",249,0,51,11.6552831163418,4.01576415232055,7.63951896402127,15.7055555555556,73.0148148148148,0
2016-09-06,2076,"3",250,0,46,12.8707172962556,5.44164718253525,7.42907011372037,18.2574074074074,66.4759259259259,0
2016-09-07,2077,"4",251,0,45,12.6582758998548,5.33122580242492,7.32705009742986,20.4111111111112,59.6462962962963,0
2016-09-08,2078,"5",252,0,38,11.5420587110573,4.52695204641762,7.0151066646397,15.7259259259259,78.55,0
2016-09-09,2079,"6",253,0,39,12.1092626806625,4.45091800394521,7.65834467671725,14.9703703703703,78.05,0
2016-09-10,2080,"7",254,0,41,9.90330170089544,0,9.90330170089544,15.25,74.3703703703704,0
2016-09-11,2081,"1",255,0,51,7.46823674959155,0,7.46823674959155,14.7740740740741,81.0222222222222,0
2016-09-12,2082,"2",256,0,62,7.48791249852646,0,7.48791249852646,14.3518518518518,83.9740740740741,0
2016-09-13,2083,"3",257,0,44,11.0091067592436,3.68520447799085,7.32390228125271,16.2944444444445,73.7037037037037,0
2016-09-14,2084,"4",258,0,38,8.97321198928698,1.65698839740957,7.31622359187741,16.1925925925926,72.1259259259259,0
2016-09-15,2085,"5",259,0,38,11.3982731949846,4.51794703969648,6.88032615528816,14.5203703703704,76.1111111111111,0
2016-09-16,2086,"6",260,0,53,8.94764309968609,0,8.94764309968609,15.4333333333334,72.0981481481481,0
2016-09-17,2087,"7",261,0,44,9.40714963009881,0,9.40714963009881,16.1740740740741,69.112962962963,0
2016-09-18,2088,"1",262,0,61,9.33978017726639,0,9.33978017726639,20.7555555555556,59.9351851851852,0
2016-09-19,2089,"2",263,0,50,12.8339473760485,5.05557861002335,7.77836876602515,20.2981481481481,57.4703703703704,0
2016-09-20,2090,"3",264,0,45,12.0945316465746,5.01773303716243,7.07679860941219,16.5111111111111,70.2888888888889,0
2016-09-21,2091,"4",265,0,47,8.06747970466312,0,8.06747970466312,15.3018518518519,79.5592592592593,0
2016-09-22,2092,"5",266,0,37,5.98783468500369,0,5.98783468500369,14.9351851851852,81.5296296296296,0
2016-09-23,2093,"6",267,0,38,7.14049206176401,0,7.14049206176401,16.2018518518519,74.6537037037037,0
2016-09-24,2094,"7",268,0,62,6.86361268292371,0,6.86361268292371,19.1240740740741,65.9759259259259,0
2016-09-25,2095,"1",269,0,47,9.63956754904646,0,9.63956754904646,23.0111111111111,45.6092592592593,0
2016-09-26,2096,"2",270,0,61,10.5168279458959,3.16870243324476,7.3481255126511,24.0277777777778,36.5685185185185,0
2016-09-27,2097,"3",271,0,43,11.209380359464,3.64015228376526,7.5692280756987,18.2722222222222,53.3518518518519,0
2016-09-28,2098,"4",272,0,42,8.25523969211449,0.788454467135718,7.46678522497877,14.7814814814815,74.0148148148148,0
2016-09-29,2099,"5",273,0,48,9.38784914935569,2.88059015106774,6.50725899828795,13.6296296296297,81.4833333333333,0
2016-09-30,2100,"6",274,0,44,7.81454290237192,0.72775193229828,7.08679097007364,13.8703703703704,78.2462962962963,0
2016-10-01,2101,"7",275,0,38,6.66709284950332,0,6.66709284950332,15.437037037037,71.8518518518518,0
2016-10-02,2102,"1",276,0,41,5.20555579372579,0,5.20555579372579,15.0092592592593,73.5907407407407,0
2016-10-03,2103,"2",277,0,49,5.35667668542026,0,5.35667668542026,14.5203703703704,80.1833333333333,1.91481481481481
2016-10-04,2104,"3",278,0,50,5.63093498069189,0,5.63093498069189,16.0555555555555,70.9518518518519,0
2016-10-05,2105,"4",279,0,48,6.25278052422955,0,6.25278052422955,16.1796296296296,68.5185185185185,0
2016-10-06,2106,"5",280,0,49,6.50433021396763,0,6.50433021396763,17.0370370370371,61.6666666666667,0
2016-10-07,2107,"6",281,0,50,8.50498486576458,0,8.50498486576458,19.9759259259259,54.15,0
2016-10-08,2108,"7",282,0,55,8.14613009878448,0,8.14613009878448,20.6777777777778,53.1351851851852,0
2016-10-09,2109,"1",283,0,65,9.33450482305557,0,9.33450482305557,18.0351851851852,63.0777777777778,0
2016-10-10,2110,"2",284,0,63,10.2036807492319,0,10.2036807492319,14.4222222222222,77.3166666666667,0
2016-10-11,2111,"3",285,0,45,7.95549595813898,0,7.95549595813898,15.0666666666667,74.1574074074074,0
2016-10-12,2112,"4",286,0,44,7.80368396782492,0,7.80368396782492,14.1611111111112,78.2407407407407,0
2016-10-13,2113,"5",287,0,48,7.26640116636716,0,7.26640116636716,16.5685185185185,71.45,0
2016-10-14,2114,"6",288,0,52,3.04827308099159,0,3.04827308099159,15.95,82.1685185185185,16.8185185185185
2016-10-15,2115,"7",289,0,47,3.21986458226544,0,3.21986458226544,17.0611111111111,77.7259259259259,9.91851851851852
2016-10-16,2116,"1",290,0,41,3.85547176219163,0,3.85547176219163,16.375925925926,77.0722222222222,18.6666666666667
2016-10-17,2117,"2",291,0,53,4.83608822529157,0,4.83608822529157,15.6814814814815,77.1962962962963,0
2016-10-18,2118,"3",292,0,40,5.57203274667737,0,5.57203274667737,16.0981481481482,71.6481481481482,0
2016-10-19,2119,"4",293,0,48,6.97606582904858,0,6.97606582904858,17.4537037037037,63.2851851851852,0
2016-10-20,2120,"5",294,0,42,7.16533420744122,0,7.16533420744122,18.7111111111111,63.7407407407407,0
2016-10-21,2121,"6",295,0,52,7.61824117845363,0,7.61824117845363,17.4203703703704,68.9666666666667,0
2016-10-22,2122,"7",296,0,49,7.6550187564099,0,7.6550187564099,15.4277777777778,74.5925925925926,0
2016-10-23,2123,"1",297,0,55,8.34844405062702,0,8.34844405062702,14.6907407407408,77.6296296296296,0
2016-10-24,2124,"2",298,0,49,4.62969033810657,0,4.62969033810657,17.0407407407408,71.8185185185185,2.68518518518519
2016-10-25,2125,"3",299,0,42,4.89923693866196,0,4.89923693866196,17,74.6092592592593,0.6
2016-10-26,2126,"4",300,0,53,4.46360079377879,0,4.46360079377879,16.7574074074074,74.7092592592593,0
2016-10-27,2127,"5",301,0,46,4.92266923768032,0,4.92266923768032,16.3777777777778,77.0407407407407,19.3777777777778
2016-10-28,2128,"6",302,0,52,4.11283130842232,0,4.11283130842232,16.8833333333333,76.0425925925926,3.22962962962963
2016-10-29,2129,"7",303,0,47,4.2678577982571,0,4.2678577982571,17.0277777777778,73.55,0.411111111111111
2016-10-30,2130,"1",304,0,56,3.66143428835427,0,3.66143428835427,15.0962962962963,83.4203703703704,15.3074074074074
2016-10-31,2131,"2",305,0,54,3.9551243686041,0,3.9551243686041,15.2962962962963,70.887037037037,2.6037037037037
2016-11-01,2132,"3",306,0,57,5.99144295959923,0,5.99144295959923,14.4611111111111,69.9037037037037,0
2016-11-02,2133,"4",307,0,59,9.41701974363207,0,9.41701974363207,15.1074074074074,64.7277777777778,0
2016-11-03,2134,"5",308,0,50,11.2636524162716,0,11.2636524162716,16.5055555555556,59.7203703703704,0
2016-11-04,2135,"6",309,0,56,13.4464612233361,0,13.4464612233361,17.0814814814815,62.6722222222222,0
2016-11-05,2136,"7",310,0,42,11.40025290362,0,11.40025290362,15.3222222222222,72.9981481481481,0
2016-11-06,2137,"1",311,0,60,6.54633626344683,0,6.54633626344683,16.325925925926,68.6203703703704,0.22962962962963
2016-11-07,2138,"2",312,0,63,10.3384584786335,0,10.3384584786335,16.9203703703704,66.9333333333333,0
2016-11-08,2139,"3",313,0,52,9.43123548178667,0,9.43123548178667,18,61.9611111111111,0
2016-11-09,2140,"4",314,0,66,10.6089000794982,0,10.6089000794982,18.2537037037037,63.112962962963,0
2016-11-10,2141,"5",315,0,51,11.2171452483589,0,11.2171452483589,18.5333333333334,58.587037037037,0
2016-11-11,2142,"6",316,0,83,13.0014316894103,0,13.0014316894103,17.462962962963,63.05,0
2016-11-12,2143,"7",317,0,60,7.84469293374281,0,7.84469293374281,16.8555555555556,67.6388888888889,0
2016-11-13,2144,"1",318,0,57,7.12297274315969,0,7.12297274315969,16.3833333333333,65.35,0
2016-11-14,2145,"2",319,0,60,12.3251569430624,0,12.3251569430624,15.2222222222222,68.4666666666667,0
2016-11-15,2146,"3",320,0,46,6.716327910375,0,6.716327910375,14.8018518518519,73.5722222222222,0
2016-11-16,2147,"4",321,0,55,6.51116186592347,0,6.51116186592347,12.6333333333333,69.1185185185185,0
2016-11-17,2148,"5",322,0,53,6.92785491073364,0,6.92785491073364,12.5592592592593,62.6240740740741,0
2016-11-18,2149,"6",323,0,52,7.5966703248542,0,7.5966703248542,14.5481481481481,60.0814814814815,0
2016-11-19,2150,"7",324,0,51,4.06045669805761,0,4.06045669805761,14.1907407407408,75.0518518518519,15.9555555555556
2016-11-20,2151,"1",325,0,45,5.56150496361009,0,5.56150496361009,13.4462962962963,74.4240740740741,12.1518518518519
2016-11-21,2152,"2",326,0,60,6.13165002735855,0,6.13165002735855,13.1851851851852,75.3462962962963,0
2016-11-22,2153,"3",327,0,54,6.40478931973072,0,6.40478931973072,12.5962962962963,77.0740740740741,9.28148148148148
2016-11-23,2154,"4",328,0,55,6.343381341876,0,6.343381341876,12.1,70.5407407407407,0.52962962962963
2016-11-24,2155,"5",329,0,56,12.0730092742113,0,12.0730092742113,11.1796296296296,73.8222222222222,0
2016-11-25,2156,"6",330,0,62,9.04786811266729,0,9.04786811266729,11.7462962962964,80.3388888888889,5.08148148148148
2016-11-26,2157,"7",331,0,67,4.45252821690176,0,4.45252821690176,12.0444444444445,73.3685185185185,13.337037037037
2016-11-27,2158,"1",332,0,69,5.7396502108125,0,5.7396502108125,12.3685185185186,64.9555555555556,3.05555555555556
2016-11-28,2159,"2",333,0,70,6.23304413101271,0,6.23304413101271,12.4092592592593,80.4833333333333,0.514814814814815
2016-11-29,2160,"3",334,0,49,6.93821555782009,0,6.93821555782009,11.9981481481482,71.6444444444444,0
2016-11-30,2161,"4",335,0,57,8.12155924433993,0,8.12155924433993,10.8518518518518,73.2685185185185,0.392592592592593
2016-12-01,2162,"5",336,0,48,6.88674590100203,0,6.88674590100203,11.8703703703704,69.2907407407407,0
2016-12-02,2163,"6",337,0,63,7.09825077593096,0,7.09825077593096,13.4518518518519,50.4851851851852,0
2016-12-03,2164,"7",338,0,53,11.0009461396299,0,11.0009461396299,12.6277777777778,70.6796296296296,0
2016-12-04,2165,"1",339,0,61,11.0345289988356,0,11.0345289988356,12.0185185185186,78.3777777777778,0
2016-12-05,2166,"2",340,0,68,7.65808056168368,0,7.65808056168368,10.4296296296296,72.4388888888889,0
2016-12-06,2167,"3",341,0,57,6.89020362672905,0,6.89020362672905,9.93333333333339,68.4888888888889,0
2016-12-07,2168,"4",342,0,71,9.68553241236703,0,9.68553241236703,8.36111111111114,75.2074074074074,17.3037037037037
2016-12-08,2169,"5",343,0,47,6.78301667016922,0,6.78301667016922,11.2425925925926,79.4037037037037,10.9444444444444
2016-12-09,2170,"6",344,0,59,6.18234929920663,0,6.18234929920663,14.5277777777778,69.7592592592593,6.4
2016-12-10,2171,"7",345,0,62,4.622811261849,0,4.622811261849,12.8555555555556,84.3740740740741,10.0222222222222
2016-12-11,2172,"1",346,0,82,9.58578152600671,0,9.58578152600671,10.2444444444445,76.7611111111111,0
2016-12-12,2173,"2",347,0,70,11.7845229076401,0,11.7845229076401,10.9240740740741,67.6018518518518,0
2016-12-13,2174,"3",348,0,72,10.8050346948112,0,10.8050346948112,11.625925925926,70.8037037037037,16.5
2016-12-14,2175,"4",349,0,66,7.58865820309942,0,7.58865820309942,14.1370370370371,75.9203703703704,0.311111111111111
2016-12-15,2176,"5",350,0,71,2.47362970257251,0,2.47362970257251,12.7574074074074,85.4203703703704,34.8666666666667
2016-12-16,2177,"6",351,0,62,6.45443088311289,0,6.45443088311289,9.50555555555559,72.2703703703704,0
2016-12-17,2178,"7",352,0,58,7.77311531047582,0,7.77311531047582,8,64.9018518518519,0
2016-12-18,2179,"1",353,0,86,11.2815189194847,0,11.2815189194847,8.25185185185188,57.1518518518519,0
2016-12-19,2180,"2",354,0,77,11.9441240260672,0,11.9441240260672,8.73518518518517,57.2722222222222,0
2016-12-20,2181,"3",355,0,66,14.824364091149,0,14.824364091149,10.4462962962963,59.7037037037037,0
2016-12-21,2182,"4",356,0,78,12.9733105099598,0,12.9733105099598,12.8611111111111,62.612962962963,0
2016-12-22,2183,"5",357,0,94,16.1627123647051,0,16.1627123647051,12.0351851851852,64.6074074074074,11.9925925925926
2016-12-23,2184,"6",358,0,63,5.55584372251994,0,5.55584372251994,10.4,79.0851851851852,5.24444444444444
2016-12-24,2185,"7",359,0,74,4.72635577146341,0,4.72635577146341,8.67037037037039,68.4537037037037,0
2016-12-25,2186,"1",360,0,72,8.85100096662468,0,8.85100096662468,8.0462962962963,66.7518518518519,0
2016-12-26,2187,"2",361,0,115,6.20280350231027,0,6.20280350231027,9.02777777777783,54.2222222222222,0
2016-12-27,2188,"3",362,0,108,10.6539913165899,0,10.6539913165899,9.45370370370375,60.6777777777778,0
2016-12-28,2189,"4",363,0,84,14.5646044029985,0,14.5646044029985,10.9981481481482,70.5462962962963,0
2016-12-29,2190,"5",364,0,99,15.9208476362239,0,15.9208476362239,12.1833333333334,64.3203703703704,0
2016-12-30,2191,"6",365,0,94,19.6757601627713,0,19.6757601627713,11.1203703703704,74.6796296296296,0
2016-12-31,2192,"7",366,0,112,8.56384116610453,0,8.56384116610453,9.3388888888889,82.5351851851852,0
2017-01-01,2193,"1",1,0,109,6.42085719192058,0,6.42085719192058,9.76666666666665,74.0648148148148,1.95925925925926
2017-01-02,2194,"2",2,0,141,6.85785729150981,0,6.85785729150981,9.06481481481484,66.6648148148148,3.58888888888889
2017-01-03,2195,"3",3,0,102,5.30886524312179,0,5.30886524312179,12.0185185185186,73.4185185185185,19.2814814814815
2017-01-04,2196,"4",4,0,84,5.0563554090594,0,5.0563554090594,10.9611111111112,85.2314814814815,12.1740740740741
2017-01-05,2197,"5",5,0,101,6.19506149607033,0,6.19506149607033,7.69814814814816,71.3,0
2017-01-06,2198,"6",6,0,84,8.62362514236779,0,8.62362514236779,7.19814814814816,64.3148148148148,2.32592592592593
2017-01-07,2199,"7",7,0,106,5.65308640647419,0,5.65308640647419,11.4722222222223,77.2648148148148,28.8148148148148
2017-01-08,2200,"1",8,0,110,2.81752247323669,0,2.81752247323669,14.8407407407408,74.5018518518519,32.5962962962963
2017-01-09,2201,"2",9,0,106,4.40830705174981,0,4.40830705174981,13.1,69.7592592592593,12.4666666666667
2017-01-10,2202,"3",10,0,109,4.44601419390499,0,4.44601419390499,13.7907407407408,72.4259259259259,42.4
2017-01-11,2203,"4",11,0,96,4.5774602479948,0,4.5774602479948,10.3944444444445,79.5537037037037,8.72592592592593
2017-01-12,2204,"5",12,0,81,6.7886309676652,0,6.7886309676652,8.83703703703702,74.3277777777778,5.7962962962963
2017-01-13,2205,"6",13,0,78,8.84312527596304,0,8.84312527596304,9.67777777777781,69.4666666666667,0
2017-01-14,2206,"7",14,0,74,9.69002152269971,0,9.69002152269971,9.87407407407409,71.1962962962963,0
2017-01-15,2207,"1",15,0,102,11.8123288022037,0,11.8123288022037,8.67592592592598,76.8388888888889,0
2017-01-16,2208,"2",16,0,104,16.2185670078353,0,16.2185670078353,9.15370370370374,73.3611111111111,0
2017-01-17,2209,"3",17,0,104,20.4270651445244,0,20.4270651445244,8.43333333333339,78.7388888888889,1.02962962962963
2017-01-18,2210,"4",18,0,86,9.32568770220619,0,9.32568770220619,10.6851851851852,80.7518518518519,24.2481481481482
2017-01-19,2211,"5",19,0,69,5.96966413619038,0,5.96966413619038,11.3740740740741,69.2111111111111,10.5925925925926
2017-01-20,2212,"6",20,0,74,4.49626713173865,0,4.49626713173865,10.2944444444445,76.5333333333333,16.2148148148148
2017-01-21,2213,"7",21,0,67,5.34661392495157,0,5.34661392495157,11.1777777777778,68.6111111111111,17.6851851851852
2017-01-22,2214,"1",22,0,93,5.03119487662829,0,5.03119487662829,10.7074074074075,72.6111111111111,19.2592592592593
2017-01-23,2215,"2",23,0,79,4.47753958730214,0,4.47753958730214,9.06851851851854,66.2388888888889,7.16296296296296
2017-01-24,2216,"3",24,0,65,7.1252936138173,0,7.1252936138173,9.37962962962968,70.1518518518519,0
2017-01-25,2217,"4",25,0,80,10.2616223582623,0,10.2616223582623,9.56111111111113,75.1111111111111,0
2017-01-26,2218,"5",26,0,73,10.1899056399139,0,10.1899056399139,10.4111111111112,72.9740740740741,0
2017-01-27,2219,"6",27,0,79,13.8076514869319,0,13.8076514869319,11.1648148148148,61.1555555555556,0
2017-01-28,2220,"7",28,0,89,11.4056433319842,0,11.4056433319842,11.3648148148148,62.2537037037037,0
2017-01-29,2221,"1",29,0,95,12.4901618057315,0,12.4901618057315,11.8685185185186,62.8888888888889,0
2017-01-30,2222,"2",30,0,81,14.6210367377398,0,14.6210367377398,12.3203703703704,63.1018518518519,0
2017-01-31,2223,"3",31,0,82,22.4979947519984,0,22.4979947519984,11.0833333333334,73.3537037037037,0
2017-02-01,2224,"4",32,0,68,11.5518843726241,0,11.5518843726241,11.7592592592592,79.8407407407408,2.57407407407407
2017-02-02,2225,"5",33,0,70,5.61007383644714,0,5.61007383644714,13.5870370370371,73.2240740740741,13.2925925925926
2017-02-03,2226,"6",34,0,77,4.75870752324399,0,4.75870752324399,13.9685185185185,70.5296296296296,14.1777777777778
2017-02-04,2227,"7",35,0,75,5.35896926081987,0,5.35896926081987,12.8425925925926,77.3518518518518,7.25185185185185
2017-02-05,2228,"1",36,0,87,4.47512010866313,0,4.47512010866313,12.9814814814815,79.0185185185185,6.37407407407407
2017-02-06,2229,"2",37,0,75,3.47615109937425,0,3.47615109937425,14.3925925925926,75.8518518518518,28.8333333333333
2017-02-07,2230,"3",38,0,73,3.53972096509796,0,3.53972096509796,14.8148148148148,79.162962962963,17.9037037037037
2017-02-08,2231,"4",39,0,77,3.83849722126385,0,3.83849722126385,15.7796296296297,76.7037037037037,9.12222222222222
2017-02-09,2232,"5",40,0,82,3.62718429104683,0,3.62718429104683,14.9759259259259,80.0537037037037,20.2962962962963
2017-02-10,2233,"6",41,0,68,5.30138932611752,0,5.30138932611752,12.5185185185186,84.2851851851852,0.0333333333333333
2017-02-11,2234,"7",42,0,73,5.14202620514783,0,5.14202620514783,12.3185185185185,72.762962962963,0
2017-02-12,2235,"1",43,0,78,7.47331009789026,0,7.47331009789026,13.1222222222223,71.3888888888889,0
2017-02-13,2236,"2",44,0,73,8.08772187260105,0,8.08772187260105,12.4518518518519,76.0611111111111,0
2017-02-14,2237,"3",45,0,70,11.7789134947854,0,11.7789134947854,14.112962962963,70.2074074074074,0
2017-02-15,2238,"4",46,0,79,10.5099336135926,0,10.5099336135926,14.6518518518519,75.0462962962963,14.1037037037037
2017-02-16,2239,"5",47,0,70,5.29624690441742,0,5.29624690441742,14.1555555555556,80.1407407407407,14.8555555555556
2017-02-17,2240,"6",48,0,71,5.21560054017341,0,5.21560054017341,13.0259259259259,82.6611111111111,23.5259259259259
2017-02-18,2241,"7",49,0,63,5.42147941286524,0,5.42147941286524,11.6611111111112,81.5296296296296,3.38148148148148
2017-02-19,2242,"1",50,0,80,3.45935074984458,0,3.45935074984458,11.7185185185185,83.062962962963,23.2333333333333
2017-02-20,2243,"2",51,0,91,3.24127442164861,0,3.24127442164861,13.8092592592593,78.1962962962963,34.562962962963
2017-02-21,2244,"3",52,0,81,4.74391244072089,0,4.74391244072089,11.7314814814815,78.137037037037,2.02962962962963
2017-02-22,2245,"4",53,0,62,5.34681862481333,0,5.34681862481333,9.68703703703704,73.55,0
2017-02-23,2246,"5",54,0,62,5.02812226402432,0,5.02812226402432,8.72777777777776,65.9074074074074,0
2017-02-24,2247,"6",55,0,65,5.09409573426652,0,5.09409573426652,8.73703703703706,69.7481481481481,2.97407407407407
2017-02-25,2248,"7",56,0,58,7.27233847381825,0,7.27233847381825,9.41666666666674,73.0018518518519,0
2017-02-26,2249,"1",57,0,62,5.0564579206057,0,5.0564579206057,9.62592592592591,70.6222222222222,0.766666666666667
2017-02-27,2250,"2",58,0,72,5.17526238612185,0,5.17526238612185,9.29814814814819,70.6555555555556,0
2017-02-28,2251,"3",59,0,77,4.90216082802306,0,4.90216082802306,10.1074074074074,70.962962962963,0
2017-03-01,2252,"4",60,0,55,6.60684086383439,0,6.60684086383439,11.2388888888889,71.6611111111111,0
2017-03-02,2253,"5",61,0,66,7.06940653444188,0,7.06940653444188,12.6055555555556,71.75,0
2017-03-03,2254,"6",62,0,51,7.25380964992361,0,7.25380964992361,12.0444444444445,76.3796296296296,0
2017-03-04,2255,"7",63,0,70,4.02213669460709,0,4.02213669460709,11.7888888888889,79.8222222222222,27.9481481481481
2017-03-05,2256,"1",64,0,86,3.69739997849588,0,3.69739997849588,8.5,76.5166666666667,10.1333333333333
2017-03-06,2257,"2",65,0,83,4.3673790505901,0,4.3673790505901,9.64259259259262,70.6537037037037,1.4962962962963
2017-03-07,2258,"3",66,0,70,6.39044081010906,0,6.39044081010906,10.8611111111111,75.8703703703704,0
2017-03-08,2259,"4",67,0,56,6.49002913539463,0,6.49002913539463,13.3444444444444,72.2574074074074,0
2017-03-09,2260,"5",68,0,63,7.93496667605377,0,7.93496667605377,14.7462962962964,74.762962962963,0
2017-03-10,2261,"6",69,0,60,6.719018158608,0,6.719018158608,15.8370370370371,70.7703703703704,0
2017-03-11,2262,"7",70,0,79,7.53759212020634,0,7.53759212020634,14.8222222222223,73.5722222222222,0
2017-03-12,2263,"1",71,0,84,7.63202084699487,0,7.63202084699487,15.3888888888889,70.8351851851852,0
2017-03-13,2264,"2",72,0,75,9.61937325057158,0,9.61937325057158,16.9314814814815,65.4574074074074,0
2017-03-14,2265,"3",73,0,81,9.64947072982754,0,9.64947072982754,16.9481481481482,69.8222222222222,0
2017-03-15,2266,"4",74,0,54,7.24557651777273,0,7.24557651777273,13.2925925925926,81.0796296296296,0
2017-03-16,2267,"5",75,0,60,6.45785452887004,0,6.45785452887004,14.0981481481482,76.8666666666667,0
2017-03-17,2268,"6",76,0,71,9.54396614604645,0,9.54396614604645,15.8148148148148,64.962962962963,0
2017-03-18,2269,"7",77,0,75,6.69962255762144,0,6.69962255762144,14.8222222222223,71.95,0
2017-03-19,2270,"1",78,0,63,5.76071496129518,0,5.76071496129518,14.0481481481482,79.7148148148148,0
2017-03-20,2271,"2",79,0,63,3.80284632813424,0,3.80284632813424,14.5388888888889,78.5537037037037,25.4851851851852
2017-03-21,2272,"3",80,0,66,3.94584261913517,0,3.94584261913517,14.5888888888889,77.7462962962963,17.0888888888889
2017-03-22,2273,"4",81,0,49,4.81685502423934,0,4.81685502423934,12.3370370370371,74.1722222222222,1.95925925925926
2017-03-23,2274,"5",82,0,69,4.92604224425268,0,4.92604224425268,12.0203703703704,70.9722222222222,1.24074074074074
2017-03-24,2275,"6",83,0,52,3.94488921947369,0,3.94488921947369,12.4518518518519,81.3111111111111,17.8333333333333
2017-03-25,2276,"7",84,0,71,5.227122185175,0,5.227122185175,13.1481481481482,75.3833333333333,0
2017-03-26,2277,"1",85,0,62,4.36997390309608,0,4.36997390309608,13.6407407407407,70.6240740740741,0.222222222222222
2017-03-27,2278,"2",86,0,57,6.13070403192417,0,6.13070403192417,13.1388888888889,75.3222222222222,0
2017-03-28,2279,"3",87,0,60,7.05311105191505,0,7.05311105191505,15.4074074074074,64.7185185185185,0
2017-03-29,2280,"4",88,0,59,7.8456567022295,0,7.8456567022295,15.4481481481482,70.8296296296296,0
2017-03-30,2281,"5",89,0,44,6.87541806590121,0,6.87541806590121,13.9351851851852,72.5277777777778,0
2017-03-31,2282,"6",90,0,61,7.00085768851075,0,7.00085768851075,16.3666666666667,56.7518518518519,0
2017-04-01,2283,"7",91,0,72,8.51339300977435,0,8.51339300977435,17.0944444444444,62.6296296296296,0
2017-04-02,2284,"1",92,0,65,8.14804191171962,0,8.14804191171962,16.2055555555556,70.4074074074074,0
2017-04-03,2285,"2",93,0,72,9.534464971329,0,9.534464971329,14.2388888888889,67.7333333333333,0
2017-04-04,2286,"3",94,0,59,9.72570762209553,0,9.72570762209553,14.2685185185185,69.6314814814815,0
2017-04-05,2287,"4",95,0,57,8.03097248263246,0,8.03097248263246,15.8185185185185,64.8574074074074,0
2017-04-06,2288,"5",96,0,56,6.57856142304393,0,6.57856142304393,13.6925925925926,75.9296296296296,27.2296296296296
2017-04-07,2289,"6",97,0,57,5.00027082817513,0,5.00027082817513,12.8148148148148,81.15,10.9481481481481
2017-04-08,2290,"7",98,0,52,4.81943086911316,0,4.81943086911316,10.0592592592593,76.3462962962963,2.34444444444444
2017-04-09,2291,"1",99,0,75,5.5360417237164,0,5.5360417237164,10.9111111111112,71.8740740740741,0
2017-04-10,2292,"2",100,0,83,6.715978587421,0,6.715978587421,12.9055555555556,70.5925925925926,0
2017-04-11,2293,"3",101,0,67,6.68242940221627,0,6.68242940221627,14.8851851851852,68.95,2.20740740740741
2017-04-12,2294,"4",102,0,67,4.90777694722487,0,4.90777694722487,14.3722222222223,77.2018518518519,7.12592592592593
2017-04-13,2295,"5",103,0,58,4.7821599048602,0,4.7821599048602,11.575925925926,77.9425925925926,2.13703703703704
2017-04-14,2296,"6",104,0,50,6.33986233710474,0,6.33986233710474,11.9944444444444,66.3814814814815,0
2017-04-15,2297,"7",105,0,60,6.8079878551126,0,6.8079878551126,13.5981481481482,66.35,0
2017-04-16,2298,"1",106,0,47,5.13233997217284,0,5.13233997217284,12.7814814814815,73.7388888888889,5.58148148148148
2017-04-17,2299,"2",107,0,60,5.63586967373883,0,5.63586967373883,14.0166666666667,80.7037037037037,3.53703703703704
2017-04-18,2300,"3",108,0,54,6.73123862936295,0,6.73123862936295,14.3888888888889,76.6222222222222,0.944444444444445
2017-04-19,2301,"4",109,0,45,6.4751639833836,0,6.4751639833836,14.6388888888889,71.1111111111111,4.92962962962963
2017-04-20,2302,"5",110,0,54,6.31782379507754,0,6.31782379507754,14.675925925926,70.6648148148148,0.211111111111111
2017-04-21,2303,"6",111,0,66,8.48090926649599,0,8.48090926649599,16.4333333333334,64.3314814814815,0
2017-04-22,2304,"7",112,0,68,6.70546874615678,0,6.70546874615678,14.0388888888889,74.8888888888889,0
2017-04-23,2305,"1",113,0,69,6.08445872692277,0,6.08445872692277,13.9962962962964,73.2685185185185,0
2017-04-24,2306,"2",114,0,47,5.14796072060083,0,5.14796072060083,13.4777777777778,75.8796296296296,0.296296296296296
2017-04-25,2307,"3",115,0,60,5.76701550547282,0,5.76701550547282,14.0944444444444,74.9425925925926,0.188888888888889
2017-04-26,2308,"4",116,0,46,6.26487024458236,0,6.26487024458236,13.8611111111111,83.8537037037037,0.396296296296296
2017-04-27,2309,"5",117,0,45,8.06741179599869,0,8.06741179599869,14.2907407407408,74.862962962963,0
2017-04-28,2310,"6",118,0,54,7.39715543174637,0,7.39715543174637,15.3944444444445,64.4648148148148,0
2017-04-29,2311,"7",119,0,62,7.58644902472157,0,7.58644902472157,16.8777777777778,58.9203703703704,0
2017-04-30,2312,"1",120,0,55,9.38789759703996,0,9.38789759703996,16.3870370370371,68.8296296296296,0
2017-05-01,2313,"2",121,0,62,10.0022789149244,0,10.0022789149244,19.5259259259259,59.7444444444445,0
2017-05-02,2314,"3",122,0,64,9.20845918692543,0,9.20845918692543,20.3462962962963,59.1055555555556,0
2017-05-03,2315,"4",123,0,62,9.01846069653416,0,9.01846069653416,19.3907407407407,68.7018518518519,0
2017-05-04,2316,"5",124,0,57,7.94203134557853,0,7.94203134557853,14.3518518518518,84.8,0
2017-05-05,2317,"6",125,0,49,6.66414978265535,0,6.66414978265535,13.4,82.6407407407407,0
2017-05-06,2318,"7",126,0,59,7.01116739258782,0,7.01116739258782,12.9055555555556,74.7592592592593,0
2017-05-07,2319,"1",127,0,77,7.07982688808363,0,7.07982688808363,14.6537037037037,71.5944444444444,0
2017-05-08,2320,"2",128,0,50,9.08343118021365,0,9.08343118021365,14.5185185185185,74.2925925925926,0
2017-05-09,2321,"3",129,0,47,10.3085299960682,0,10.3085299960682,16.0722222222223,68.7592592592593,0
2017-05-10,2322,"4",130,0,37,6.11564762435366,0,6.11564762435366,13.4203703703704,77.3574074074074,0
2017-05-11,2323,"5",131,0,44,5.61089304614632,0,5.61089304614632,13.9148148148148,73.9851851851852,0
2017-05-12,2324,"6",132,0,51,5.9294400590429,0,5.9294400590429,12.8592592592593,71.6351851851852,0
2017-05-13,2325,"7",133,0,49,6.35783144781445,0,6.35783144781445,12.3759259259259,72.7333333333333,0
2017-05-14,2326,"1",134,0,47,5.66386564070434,0,5.66386564070434,12.5166666666667,74.8203703703704,0
2017-05-15,2327,"2",135,0,54,7.18089247218813,0,7.18089247218813,13.0055555555556,75.0796296296296,0
2017-05-16,2328,"3",136,0,54,5.43801111747596,0,5.43801111747596,12.5370370370371,79.2074074074074,0
2017-05-17,2329,"4",137,0,47,6.22213409566148,0,6.22213409566148,13.7388888888889,73.4314814814815,0
2017-05-18,2330,"5",138,0,57,9.57347153720539,0,9.57347153720539,15.7833333333334,66.8296296296296,0
2017-05-19,2331,"6",139,0,55,10.4854037027441,0,10.4854037027441,17.687037037037,63.6074074074074,0
2017-05-20,2332,"7",140,0,60,9.7336239684893,0,9.7336239684893,18.5518518518519,62.6888888888889,0
2017-05-21,2333,"1",141,0,66,10.097578170865,0,10.097578170865,16.6166666666667,70.1425925925926,0
2017-05-22,2334,"2",142,0,51,8.40639465442605,0,8.40639465442605,15.062962962963,76.3,0
2017-05-23,2335,"3",143,0,53,7.07369103729943,0,7.07369103729943,14.437037037037,78.4759259259259,0
2017-05-24,2336,"4",144,0,46,6.88043608980796,0,6.88043608980796,13.6685185185186,78.7425925925926,0
2017-05-25,2337,"5",145,0,60,5.80975165653011,0,5.80975165653011,14.3222222222223,73.1166666666667,0
2017-05-26,2338,"6",146,0,47,5.95637656164175,0,5.95637656164175,13.9018518518519,74.8388888888889,0
2017-05-27,2339,"7",147,0,50,6.94575673785591,0,6.94575673785591,14.375925925926,72.6592592592593,0
2017-05-28,2340,"1",148,0,64,6.61450921734131,0,6.61450921734131,13.4537037037037,78.8555555555556,0
2017-05-29,2341,"2",149,0,55,6.79839912273915,0,6.79839912273915,13.0537037037037,81.5277777777778,0
2017-05-30,2342,"3",150,0,43,6.13393429225787,0,6.13393429225787,13.1222222222223,80.6555555555556,0
2017-05-31,2343,"4",151,0,37,6.58741619165612,0,6.58741619165612,15.3111111111111,73.4981481481482,0
2017-06-01,2344,"5",152,0,31,5.2642954221046,0,5.2642954221046,15.2240740740741,78.0722222222222,0
2017-06-02,2345,"6",153,0,41,7.38729174714797,0,7.38729174714797,16.0425925925927,72.212962962963,0
2017-06-03,2346,"7",154,0,49,7.08956436373574,0,7.08956436373574,14.8777777777778,76.7444444444445,0
2017-06-04,2347,"1",155,0,48,8.3049674241747,0,8.3049674241747,14.3277777777778,77.4462962962963,0
2017-06-05,2348,"2",156,0,52,9.56665293291836,0,9.56665293291836,15.6333333333334,71.5481481481482,0
2017-06-06,2349,"3",157,0,54,7.66468589945031,0,7.66468589945031,13.7222222222223,79.9574074074074,0
2017-06-07,2350,"4",158,0,49,6.96188759270204,0,6.96188759270204,14.1537037037037,77.5111111111111,0
2017-06-08,2351,"5",159,0,46,3.84726099665399,0,3.84726099665399,15.4555555555556,75.6407407407407,1.44444444444444
2017-06-09,2352,"6",160,0,42,3.27121786226078,0,3.27121786226078,14.5222222222222,81.0462962962963,0
2017-06-10,2353,"7",161,0,50,6.09742768457779,0,6.09742768457779,14.5388888888889,73.2592592592593,0
2017-06-11,2354,"1",162,0,57,5.56738767365523,0,5.56738767365523,13.6277777777779,76.3351851851852,0
2017-06-12,2355,"2",163,0,50,5.18435371331182,0,5.18435371331182,14.1888888888889,77.6555555555556,0
2017-06-13,2356,"3",164,0,44,7.22485764603968,0,7.22485764603968,15.2574074074074,74.0277777777778,0
2017-06-14,2357,"4",165,0,51,9.33082613188087,0,9.33082613188087,16.4444444444445,70.2203703703704,0
2017-06-15,2358,"5",166,0,43,7.27411777182192,0,7.27411777182192,17.4166666666667,68.6759259259259,0
2017-06-16,2359,"6",167,0,48,7.67973728360138,0,7.67973728360138,19.1351851851852,68.4648148148148,0
2017-06-17,2360,"7",168,0,40,8.65591211168645,0,8.65591211168645,19.9351851851852,64.512962962963,0
2017-06-18,2361,"1",169,0,36,9.68923944165235,0,9.68923944165235,23.1,56.9074074074074,0
2017-06-19,2362,"2",170,0,57,8.45789381593019,0,8.45789381593019,18.5981481481481,71.9222222222222,0
2017-06-20,2363,"3",171,0,33,9.0929582299776,0,9.0929582299776,16.7296296296296,78.5740740740741,0
2017-06-21,2364,"4",172,0,38,7.903855398628,0,7.903855398628,17.0314814814815,76.4425925925926,0
2017-06-22,2365,"5",173,0,43,9.46521823042184,0,9.46521823042184,18.9444444444445,67.4240740740741,0
2017-06-23,2366,"6",174,0,43,7.33460824164995,0,7.33460824164995,16.4425925925926,76.8666666666667,0
2017-06-24,2367,"7",175,0,39,4.25784973805131,0,4.25784973805131,15.7518518518518,80.2944444444445,0
2017-06-25,2368,"1",176,0,32,4.79000769290347,0,4.79000769290347,15.5666666666667,78.2537037037037,0
2017-06-26,2369,"2",177,0,47,5.16744275234374,0,5.16744275234374,16.7222222222223,71.7574074074074,0
2017-06-27,2370,"3",178,0,54,5.49231502255639,0,5.49231502255639,14.9092592592593,80.587037037037,0
2017-06-28,2371,"4",179,0,34,6.41294769144413,0,6.41294769144413,14.3851851851852,82.1407407407407,0
2017-06-29,2372,"5",180,0,25,7.71591774671335,0,7.71591774671335,14.0944444444445,83.3648148148148,0
2017-06-30,2373,"6",181,0,32,7.53792815012091,0,7.53792815012091,14.0703703703704,83.3722222222222,0
2017-07-01,2374,"7",182,0,41,6.58119067033466,0,6.58119067033466,14.1796296296296,85.8555555555556,0
2017-07-02,2375,"1",183,0,44,5.18093502742704,0,5.18093502742704,14.3444444444444,85.3481481481481,0
2017-07-03,2376,"2",184,0,32,5.14263073070153,0,5.14263073070153,15.2166666666667,80.9555555555556,0
2017-07-04,2377,"3",185,0,37,5.94918491986785,0,5.94918491986785,15.1925925925926,79.8574074074074,0
2017-07-05,2378,"4",186,0,38,5.9019924040756,0,5.9019924040756,15.0111111111111,80.3018518518519,0
2017-07-06,2379,"5",187,0,26,6.9352829891033,0.18093881927041,6.75434416983289,16.3481481481482,75.0814814814815,0
2017-07-07,2380,"6",188,0,32,8.96642369874505,1.25282215947301,7.71360153927204,18.6,66.1444444444444,0
2017-07-08,2381,"7",189,0,40,9.51920161345072,1.02995852203396,8.48924309141676,16.9814814814815,73.5907407407407,0
2017-07-09,2382,"1",190,0,52,7.79891687699827,0,7.79891687699827,15.6296296296297,78.2425925925926,0
2017-07-10,2383,"2",191,0,36,7.39909507792086,0.328781515064013,7.07031356285685,14.9574074074075,82.7574074074074,0
2017-07-11,2384,"3",192,0,51,8.40185515649978,1.12692931560627,7.2749258408935,15.5185185185186,78.6907407407408,0
2017-07-12,2385,"4",193,0,33,6.21986459218228,0,6.21986459218228,14.6407407407407,83.4018518518519,0
2017-07-13,2386,"5",194,0,29,6.60068230846724,0,6.60068230846724,14.9203703703704,82.2222222222222,0
2017-07-14,2387,"6",195,0,26,6.55400285463627,0,6.55400285463627,15.7351851851852,78.2259259259259,0
2017-07-15,2388,"7",196,0,35,7.95389507399714,0,7.95389507399714,18.8203703703704,67.8740740740741,0
2017-07-16,2389,"1",197,0,33,9.2891491375825,0,9.2891491375825,20.2944444444445,62.1518518518519,0
2017-07-17,2390,"2",198,0,46,8.27352741275391,0,8.27352741275391,15.8111111111111,78.6962962962963,0
2017-07-18,2391,"3",199,0,36,6.51879228820557,0,6.51879228820557,14.4833333333333,83.5351851851852,0
2017-07-19,2392,"4",200,0,42,7.74625424766128,0,7.74625424766128,15.8203703703704,77.8388888888889,0
2017-07-20,2393,"5",201,0,27,6.68535029871625,0,6.68535029871625,15.7277777777778,79.95,0
2017-07-21,2394,"6",202,0,37,7.6781405662241,0,7.6781405662241,16.0148148148148,77.7351851851852,0
2017-07-22,2395,"7",203,0,38,7.23829337931939,0,7.23829337931939,18.2518518518519,71.7962962962963,0
2017-07-23,2396,"1",204,0,30,6.94769285998382,0,6.94769285998382,16.3,80.5,0
2017-07-24,2397,"2",205,0,50,5.079207473631,0,5.079207473631,16.3648148148148,78.2314814814815,0
2017-07-25,2398,"3",206,0,40,5.44117543716359,0,5.44117543716359,17.0277777777778,74.7203703703704,0
2017-07-26,2399,"4",207,0,36,6.07468361619135,0,6.07468361619135,16.2203703703704,79.7814814814815,0
2017-07-27,2400,"5",208,0,32,6.70754852504905,0,6.70754852504905,17.1740740740741,75.0074074074074,0
2017-07-28,2401,"6",209,0,33,8.40238771606015,0,8.40238771606015,15.0074074074074,83.55,0
2017-07-29,2402,"7",210,0,40,6.39739281135095,0,6.39739281135095,14.7962962962963,83.5055555555556,0
2017-07-30,2403,"1",211,0,44,6.72812675968766,0.103544041650862,6.6245827180368,16.2722222222222,76.087037037037,0
2017-07-31,2404,"2",212,0,35,5.56673882690402,0,5.56673882690402,15.4074074074074,81.5574074074074,0
2017-08-01,2405,"3",213,0,27,9.42265354909414,1.13125758766298,8.29139596143117,16.3796296296297,75.4648148148148,0
2017-08-02,2406,"4",214,0,30,10.2065375214413,2.2125217768644,7.99401574457688,18.6555555555556,67.6314814814815,0
2017-08-03,2407,"5",215,0,30,7.99321770261662,0,7.99321770261662,19.9814814814815,61.2166666666667,0
2017-08-04,2408,"6",216,0,44,8.1650748858579,0,8.1650748858579,17.8166666666667,73.6425925925926,0
2017-08-05,2409,"7",217,0,53,7.39159812852681,0,7.39159812852681,17.3351851851852,77.0277777777778,0
2017-08-06,2410,"1",218,0,31,7.76844515108863,0,7.76844515108863,16.9888888888889,74.6148148148148,0
2017-08-07,2411,"2",219,0,42,7.82346338332876,0,7.82346338332876,16.7166666666667,76.287037037037,0
2017-08-08,2412,"3",220,0,31,8.17093180829677,0,8.17093180829677,16.2092592592593,81.112962962963,0
2017-08-09,2413,"4",221,0,42,10.0871744748808,2.0583179017036,8.02885657317725,15.9333333333333,83.3277777777778,0
2017-08-10,2414,"5",222,0,40,8.00311823450588,0.0122026871984147,7.99091554730746,16.3,81.5444444444445,0
2017-08-11,2415,"6",223,0,39,8.05666393365487,0.350730042602956,7.70593389105191,16.3111111111111,80.6481481481482,0
2017-08-12,2416,"7",224,0,33,8.28385945915616,0,8.28385945915616,15.6481481481482,82.7666666666667,0
2017-08-13,2417,"1",225,0,39,6.97234210868759,0,6.97234210868759,15.9407407407408,83.8814814814815,0
2017-08-14,2418,"2",226,0,37,8.00757264320982,0,8.00757264320982,14.9537037037037,87.7537037037037,0
2017-08-15,2419,"3",227,0,33,11.5183858615565,3.21468680449827,8.30369905705819,15.4685185185185,81.4944444444444,0
2017-08-16,2420,"4",228,0,40,11.6634040574367,3.70191971088397,7.96148434655268,17.3111111111111,72.5814814814815,0
2017-08-17,2421,"5",229,0,38,12.8137515802449,4.42793111180081,8.38582046844409,17.1481481481482,74.2296296296296,0
2017-08-18,2422,"6",230,0,41,12.1087056939693,3.53200695984178,8.57669873412756,16.9055555555556,75.7055555555556,0
2017-08-19,2423,"7",231,0,39,12.1511025072979,4.19960193567137,7.95150057162654,16.6907407407408,76.6185185185185,0
2017-08-20,2424,"1",232,0,46,13.0453457479355,5.02566242736322,8.01968332057228,17.6018518518518,72.2962962962963,0
2017-08-21,2425,"2",233,0,38,11.7746813597874,3.6150699703943,8.15961138939313,17.462962962963,74.5666666666667,0
2017-08-22,2426,"3",234,0,53,11.1457676455502,2.76834642614614,8.37742121940405,17.0611111111111,76.9574074074074,0
2017-08-23,2427,"4",235,0,31,10.7154405948221,2.73331217409798,7.98212842072408,16.075925925926,83.0037037037037,0
2017-08-24,2428,"5",236,0,29,9.69828969987331,1.23159817357718,8.46669152629613,15.5314814814815,86.8018518518519,0
2017-08-25,2429,"6",237,0,33,7.80444949604591,0.00855454639405433,7.79589494965186,15.4870370370371,84.1722222222222,0
2017-08-26,2430,"7",238,0,34,11.5138269697546,3.3969647714439,8.11686219831065,18.4722222222223,71.5796296296296,0
2017-08-27,2431,"1",239,0,51,11.8065691021692,3.69265947268267,8.11390962948652,18.9074074074074,70.8148148148148,0
2017-08-28,2432,"2",240,0,41,11.7601073269746,3.72170868168888,8.03839864528572,17.5259259259259,76.9944444444444,0
2017-08-29,2433,"3",241,0,51,10.1063837659777,1.83859370289099,8.26779006308673,15.5240740740741,85.1259259259259,0
2017-08-30,2434,"4",242,0,31,7.50994576629471,0,7.50994576629471,15.5314814814815,83.1537037037037,0
2017-08-31,2435,"5",243,0,48,14.0520895774986,5.94271092081657,8.10937865668206,21.1648148148148,63.7277777777778,0
2017-09-01,2436,"6",244,0,38,25.9444973627569,16.4683274811938,9.47616988156313,27.6666666666667,41.1074074074074,0
2017-09-02,2437,"7",245,0,51,28.3762626015599,18.3441697118793,10.0320928896806,28.8185185185185,37.0185185185185,0
2017-09-03,2438,"1",246,0,54,30.2599090950931,20.0890935305392,10.1708155645539,23.3314814814815,51.5703703703704,0
2017-09-04,2439,"2",247,0,55,22.0751170264034,12.3425788361561,9.73253819024728,21.8944444444445,59.4055555555556,0
2017-09-05,2440,"3",248,0,55,12.277925868265,2.87709789376103,9.40082797450392,20.687037037037,69.8796296296296,0
2017-09-06,2441,"4",249,0,56,14.800033030312,7.68426694682863,7.11576608348334,19.6648148148149,73.9537037037037,0
2017-09-07,2442,"5",250,0,39,10.5273360073678,2.90226162655101,7.62507438081681,18.0870370370371,80.4611111111111,0
2017-09-08,2443,"6",251,0,42,11.5276612596078,0,11.5276612596078,17.6,79.9222222222222,0
2017-09-09,2444,"7",252,0,43,16.2240023586637,8.41519220743504,7.80881015122865,18.5981481481482,73.8148148148148,0
2017-09-10,2445,"1",253,0,39,13.8676102923129,5.94069028664217,7.92692000567073,22.8333333333334,58.7074074074074,0
2017-09-11,2446,"2",254,0,31,13.4377616572051,5.93060385803291,7.50715779917218,23.4388888888889,55.8407407407407,6.10740740740741
2017-09-12,2447,"3",255,0,45,10.5119697870499,0,10.5119697870499,20.8685185185185,68.4240740740741,0
2017-09-13,2448,"4",256,0,30,6.70081624318902,0.019696088135508,6.68112015505351,17.9,79.4796296296296,0
2017-09-14,2449,"5",257,0,43,6.97593545713879,0,6.97593545713879,16.8296296296296,80.3703703703704,0
2017-09-15,2450,"6",258,0,40,9.74371350506193,2.20707190015872,7.53664160490321,16.687037037037,74.1888888888889,0
2017-09-16,2451,"7",259,0,40,14.1106059092244,6.55053319146351,7.56007271776093,16.75,77.312962962963,0
2017-09-17,2452,"1",260,0,43,7.95341621547128,0,7.95341621547128,16.9870370370371,75.4092592592593,0
2017-09-18,2453,"2",261,0,43,4.9203609418277,0,4.9203609418277,17.4574074074075,77.2962962962963,0
2017-09-19,2454,"3",262,0,39,5.35138893198422,0.325934360648841,5.02545457133538,17.825925925926,72.4518518518519,0
2017-09-20,2455,"4",263,0,53,4.72271363402867,0,4.72271363402867,16.8462962962963,79.9296296296296,0
2017-09-21,2456,"5",264,0,45,5.98815512077754,0,5.98815512077754,15.3925925925926,75.7685185185185,0
2017-09-22,2457,"6",265,0,42,6.0051255172217,0,6.0051255172217,15.1462962962963,77.7574074074074,0
2017-09-23,2458,"7",266,0,48,7.116551840028,0,7.116551840028,17.6055555555556,66.9222222222222,0
2017-09-24,2459,"1",267,0,61,9.02221035335094,0,9.02221035335094,18.3166666666667,65.6296296296296,0
2017-09-25,2460,"2",268,0,56,8.61869886910433,0.0477419565876511,8.57095691251668,19.1722222222222,65.9592592592593,0
2017-09-26,2461,"3",269,0,53,9.88375074275555,0,9.88375074275555,21.4555555555556,57.5092592592593,0
2017-09-27,2462,"4",270,0,46,9.66762946249387,0,9.66762946249387,21.5796296296297,54.7814814814815,0
2017-09-28,2463,"5",271,0,46,8.72898372029394,0,8.72898372029394,18.4703703703704,69.4240740740741,0
2017-09-29,2464,"6",272,0,46,7.64959861028081,0,7.64959861028081,16.0703703703704,80.187037037037,0
2017-09-30,2465,"7",273,0,50,6.74512492664211,0,6.74512492664211,17.5611111111111,73.8166666666667,0
2017-10-01,2466,"1",274,0,40,8.78227141837039,0,8.78227141837039,17.9407407407408,64.1574074074074,0
2017-10-02,2467,"2",275,0,50,6.90492697650457,0.249069725657312,6.65585725084726,16.6833333333334,64.1703703703704,0
2017-10-03,2468,"3",276,0,44,6.36008345299654,0,6.36008345299654,15.8462962962964,67.6592592592593,0
2017-10-04,2469,"4",277,0,32,8.5613761669111,0,8.5613761669111,16.362962962963,64.1888888888889,0
2017-10-05,2470,"5",278,0,42,9.42714542275828,0,9.42714542275828,16.8648148148148,63.0944444444444,0
2017-10-06,2471,"6",279,0,48,10.6487469313098,0,10.6487469313098,19.3851851851852,54.7611111111111,0
2017-10-07,2472,"7",280,0,39,10.2838525707848,0,10.2838525707848,17.8685185185185,64.4685185185185,0
2017-10-08,2473,"1",281,0,47,12.7911721327335,4.72680220179712,8.06436993093637,18.2722222222222,61.2888888888889,0
2017-10-09,2474,"2",282,0,82,26.4763734324239,18.5885649697342,7.88780846268968,19.7277777777778,43.7481481481482,0
2017-10-10,2475,"3",283,0,65,21.1099402340081,13.2383941140686,7.87154611993945,16.5333333333333,65.0759259259259,0
2017-10-11,2476,"4",284,0,52,31.5892615732078,23.8728439333509,7.71641763985687,14.8611111111111,68.0796296296296,0
2017-10-12,2477,"5",285,0,61,43.1551808868957,35.428664201313,7.7265166855827,15.1370370370371,60.9074074074074,0
2017-10-13,2478,"6",286,0,49,27.8514128157126,19.869712890974,7.98169992473865,15.9648148148148,62.7444444444444,0
2017-10-14,2479,"7",287,0,51,15.8987295447622,7.71188481485722,8.18684472990495,18.3777777777778,51.8851851851852,0
2017-10-15,2480,"1",288,0,57,16.6095121578708,8.74278088262747,7.86673127524329,19.7833333333334,40.0796296296296,0
2017-10-16,2481,"2",289,0,69,22.1373612851834,13.940954247811,8.19640703737243,20.4814814814815,39.712962962963,0
2017-10-17,2482,"3",290,0,82,11.6736252546799,3.42337864238408,8.25024661229584,16.2444444444445,68.2018518518519,0
2017-10-18,2483,"4",291,0,55,17.4396540936067,9.0163466590304,8.42330743457627,13.0481481481481,77.9981481481481,0
2017-10-19,2484,"5",292,0,52,6.25381970650674,0,6.25381970650674,14.6074074074074,74.3981481481482,2.52592592592593
2017-10-20,2485,"6",293,0,59,5.26802742851947,0,5.26802742851947,13.4740740740741,75.8518518518519,0
2017-10-21,2486,"7",294,0,49,7.07166288750564,0,7.07166288750564,14.7425925925926,68.5537037037037,0
2017-10-22,2487,"1",295,0,45,8.01028420253014,0,8.01028420253014,16.6685185185186,68.8462962962963,0
2017-10-23,2488,"2",296,0,77,9.17533242289109,0,9.17533242289109,20.6111111111111,54.2611111111111,0
2017-10-24,2489,"3",297,0,62,9.00423922565896,0,9.00423922565896,23.3,43.3,0
2017-10-25,2490,"4",298,0,50,9.37378611995677,0,9.37378611995677,21.7759259259259,48.7907407407407,0
2017-10-26,2491,"5",299,0,57,10.7626089337388,0,10.7626089337388,21.1333333333333,52.5740740740741,0
2017-10-27,2492,"6",300,0,46,11.1612473330776,0,11.1612473330776,18.1518518518519,62.1518518518519,0
2017-10-28,2493,"7",301,0,52,10.0569798352613,0,10.0569798352613,14.712962962963,73.2777777777778,0
2017-10-29,2494,"1",302,0,46,9.50755337867286,0,9.50755337867286,13.412962962963,77.9407407407408,0
2017-10-30,2495,"2",303,0,46,7.704468794479,0,7.704468794479,13.4537037037037,77.262962962963,0
2017-10-31,2496,"3",304,0,32,9.62214837979339,0,9.62214837979339,14.1796296296296,71.6462962962963,0
2017-11-01,2497,"4",305,0,33,10.8857679510561,0,10.8857679510561,14.2833333333334,69.3814814814815,0
2017-11-02,2498,"5",306,0,42,8.34488739851317,0,8.34488739851317,14.3462962962963,71.0944444444444,0
2017-11-03,2499,"6",307,0,47,6.24535622918214,0,6.24535622918214,15.6777777777778,65.6888888888889,2.34444444444444
2017-11-04,2500,"7",308,0,36,6.17481488080713,0,6.17481488080713,12.7222222222223,77.7981481481482,0.892592592592593
2017-11-05,2501,"1",309,0,52,7.80519035525982,0,7.80519035525982,12.3407407407408,67.7425925925926,0
2017-11-06,2502,"2",310,0,45,7.17837102502305,0,7.17837102502305,13.0074074074074,64.8722222222222,0
2017-11-07,2503,"3",311,0,47,11.2419162330389,0,11.2419162330389,13.7796296296297,63.1444444444444,0
2017-11-08,2504,"4",312,0,61,6.64759445051706,0,6.64759445051706,14.4092592592593,70.6759259259259,9.27777777777778
2017-11-09,2505,"5",313,0,48,6.52165615337778,0,6.52165615337778,16.0351851851852,65.9388888888889,1.31481481481481
2017-11-10,2506,"6",314,0,42,6.60020098448592,0,6.60020098448592,14.7074074074075,70.6277777777778,5.13703703703704
2017-11-11,2507,"7",315,0,53,8.01782209975234,0,8.01782209975234,13.8666666666667,74.3240740740741,0
2017-11-12,2508,"1",316,0,45,7.23039378618546,0,7.23039378618546,14.0240740740741,72.6962962962963,0
2017-11-13,2509,"2",317,0,74,5.79766705833434,0,5.79766705833434,15.3851851851852,72.3648148148148,1.13333333333333
2017-11-14,2510,"3",318,0,53,8.89395611409783,0,8.89395611409783,13.9574074074074,72.6981481481481,0
2017-11-15,2511,"4",319,0,34,7.31145350886984,0,7.31145350886984,14.6537037037037,70.3611111111111,19.2814814814815
2017-11-16,2512,"5",320,0,39,4.32239825492139,0,4.32239825492139,13.0240740740741,88.787037037037,37.8333333333333
2017-11-17,2513,"6",321,0,38,6.76131653102333,0,6.76131653102333,12.7592592592592,67.2703703703704,0.148148148148148
2017-11-18,2514,"7",322,0,63,9.91740665353038,0,9.91740665353038,12.4481481481482,60.1740740740741,0
2017-11-19,2515,"1",323,0,62,12.2492166205053,0,12.2492166205053,12.7425925925926,66.0407407407407,0
2017-11-20,2516,"2",324,0,48,11.8102763558677,0,11.8102763558677,15.4462962962963,72.0814814814815,0
2017-11-21,2517,"3",325,0,42,13.1270527775277,0,13.1270527775277,16.3796296296297,71.2222222222222,0
2017-11-22,2518,"4",326,0,44,14.8302171233779,0,14.8302171233779,16.8148148148148,67.5518518518519,0
2017-11-23,2519,"5",327,0,45,13.074581156255,0,13.074581156255,16.3481481481482,73.5166666666667,0
2017-11-24,2520,"6",328,0,71,7.93116739557383,0,7.93116739557383,16.5407407407408,71.4055555555556,0
2017-11-25,2521,"7",329,0,69,11.2865148128038,0,11.2865148128038,17.2351851851852,61.6611111111111,0
2017-11-26,2522,"1",330,0,68,4.70792389519473,0,4.70792389519473,14.6185185185185,82.0296296296296,12.4185185185185
2017-11-27,2523,"2",331,0,59,5.82129157109113,0,5.82129157109113,12.5500000000001,70.1018518518518,1.48518518518519
2017-11-28,2524,"3",332,0,43,9.15070613397138,0,9.15070613397138,12.6814814814815,70.8351851851852,0
2017-11-29,2525,"4",333,0,46,9.46047335267373,0,9.46047335267373,13.4018518518519,68,0
2017-11-30,2526,"5",334,0,44,9.47580014313822,0,9.47580014313822,13.6314814814815,68.2444444444444,0
2017-12-01,2527,"6",335,0,49,12.8858257487979,0,12.8858257487979,12.5277777777778,74.1796296296296,0
2017-12-02,2528,"7",336,0,58,12.1473292529995,0,12.1473292529995,12.1703703703704,74.1666666666667,0.759259259259259
2017-12-03,2529,"1",337,0,46,6.29087305833287,0,6.29087305833287,12.262962962963,60.7611111111111,0
2017-12-04,2530,"2",338,0,60,4.71083960250045,0,4.71083960250045,13.3722222222223,42.5462962962963,0
2017-12-05,2531,"3",339,0,63,9.16892723518548,0,9.16892723518548,13.4314814814815,42.3611111111111,0
2017-12-06,2532,"4",340,0,44,13.1073310026099,0,13.1073310026099,13.1907407407408,47.2777777777778,0
2017-12-07,2533,"5",341,0,54,16.7075218693993,1.86436548363908,14.8431563857602,13.5666666666667,50.7333333333333,0
2017-12-08,2534,"6",342,0,53,19.1364099221107,0.0545991449102959,19.0818107772004,13.075925925926,54.75,0
2017-12-09,2535,"7",343,0,50,21.5221376442277,5.02319312647828,16.4989445177494,13.2925925925926,54.462962962963,0
2017-12-10,2536,"1",344,0,66,18.7138412776492,1.34831669183038,17.3655245858188,14.1518518518519,53.45,0
2017-12-11,2537,"2",345,0,80,20.4279851092539,3.40389549194326,17.0240896173107,13.6185185185185,55.3814814814815,0
2017-12-12,2538,"3",346,0,59,21.830735931368,6.84319959357545,14.9875363377925,12.4574074074075,57.8685185185185,0
2017-12-13,2539,"4",347,0,79,31.7505647407104,16.5865465999435,15.1640181407669,11.6888888888889,65.2944444444445,0
2017-12-14,2540,"5",348,0,71,25.6987505961935,9.21199539901611,16.4867551971774,13.3851851851853,67.7685185185185,0
2017-12-15,2541,"6",349,0,58,20.9059609257237,0.0363821238983473,20.8695788018253,11.9055555555556,71.8722222222222,0
2017-12-16,2542,"7",350,0,56,8.95256389881166,0,8.95256389881166,14.2759259259259,57.3722222222222,0
2017-12-17,2543,"1",351,0,71,9.50313533979837,0,9.50313533979837,13.1537037037037,51.55,0
2017-12-18,2544,"2",352,0,77,18.4220802872486,0,18.4220802872486,11.9648148148149,57.5611111111111,0
2017-12-19,2545,"3",353,0,70,16.7432576421197,0,16.7432576421197,11.1740740740741,74.5740740740741,0.874074074074074
2017-12-20,2546,"4",354,0,62,5.22308290305303,0,5.22308290305303,10.2555555555556,72.5851851851852,1.88148148148148
2017-12-21,2547,"5",355,0,83,11.8435986426125,0,11.8435986426125,10.2444444444445,53.6722222222222,0
2017-12-22,2548,"6",356,0,75,21.2757306027631,0,21.2757306027631,8.80740740740748,63.3907407407407,0
2017-12-23,2549,"7",357,0,79,20.3489347996502,0,20.3489347996502,10.1222222222223,65.1518518518519,0
2017-12-24,2550,"1",358,0,83,20.7375896301885,0,20.7375896301885,10.7796296296297,70.2425925925926,0
2017-12-25,2551,"2",359,0,103,15.6255697386894,0,15.6255697386894,11.6425925925926,69.6425925925926,0
2017-12-26,2552,"3",360,0,97,14.9470462964132,0,14.9470462964132,11.6074074074074,72.2240740740741,0
2017-12-27,2553,"4",361,0,77,15.5795976212393,0,15.5795976212393,11.2703703703704,76.1777777777778,0
2017-12-28,2554,"5",362,0,80,19.1682893229568,0,19.1682893229568,12.2537037037037,71.0314814814815,0
2017-12-29,2555,"6",363,0,94,22.4970600660397,0,22.4970600660397,12.2666666666667,69.5148148148148,0
2017-12-30,2556,"7",364,0,111,24.8966380017945,0,24.8966380017945,12.0296296296297,75.187037037037,0
2017-12-31,2557,"1",365,0,101,19.4049852156335,0,19.4049852156335,10.5537037037037,80.5685185185185,0
2018-01-01,2558,"2",1,0,98,20.9628822416488,0,20.9628822416488,11.6370370370371,77.95,0
2018-01-02,2559,"3",2,0,111,23.4394037133671,0,23.4394037133671,12.7814814814815,73.4703703703704,0
2018-01-03,2560,"4",3,0,97,23.2148656664252,0,23.2148656664252,12.2388888888889,81.0685185185185,3.82592592592593
2018-01-04,2561,"5",4,0,109,9.32721588193749,0,9.32721588193749,15.3870370370371,73.2611111111111,1.9037037037037
2018-01-05,2562,"6",5,0,89,6.53638619878478,0,6.53638619878478,14.2425925925926,78.6907407407408,8.38888888888889
2018-01-06,2563,"7",6,0,93,8.1400860114696,0,8.1400860114696,11.2777777777778,81.0777777777778,0
2018-01-07,2564,"1",7,0,103,11.053668318763,0,11.053668318763,10.4925925925926,79.6055555555556,6.31851851851852
2018-01-08,2565,"2",8,0,91,6.95801849831737,0,6.95801849831737,13.1314814814815,81.3222222222222,87.0444444444445
2018-01-09,2566,"3",9,0,100,4.03709392680516,0,4.03709392680516,12.6296296296297,84.35,5.9037037037037
2018-01-10,2567,"4",10,0,71,8.0749551649756,0,8.0749551649756,12.1351851851852,71.3240740740741,0.2
2018-01-11,2568,"5",11,0,94,11.6149075715524,0,11.6149075715524,13.0407407407408,77.5203703703704,0
2018-01-12,2569,"6",12,0,75,11.8873808537033,0,11.8873808537033,11.6092592592593,82.9518518518519,0
2018-01-13,2570,"7",13,0,111,16.0455722365679,0,16.0455722365679,12.5907407407408,72.8574074074074,0
2018-01-14,2571,"1",14,0,103,20.8302059027888,0,20.8302059027888,11.4055555555556,80.3574074074074,0
2018-01-15,2572,"2",15,0,118,22.4353461998021,0,22.4353461998021,12.6222222222223,78.6296296296296,0.0592592592592593
2018-01-16,2573,"3",16,0,92,12.8263245181763,0,12.8263245181763,13.8037037037037,78.8685185185185,0
2018-01-17,2574,"4",17,0,82,14.591643480384,0,14.591643480384,12.5981481481482,83.1351851851852,0
2018-01-18,2575,"5",18,0,73,8.44256743733211,0,8.44256743733211,12.7611111111112,83.1648148148148,2.43703703703704
2018-01-19,2576,"6",19,0,69,4.98376587409274,0,4.98376587409274,10.7148148148149,73.237037037037,0
2018-01-20,2577,"7",20,0,74,4.98448767983992,0,4.98448767983992,9.20555555555558,76.2444444444445,0
2018-01-21,2578,"1",21,0,99,7.12150902231997,0,7.12150902231997,10.1185185185186,77.6851851851852,4.08518518518519
2018-01-22,2579,"2",22,0,103,8.37469713822809,0,8.37469713822809,11.9018518518519,77.6944444444445,1.38148148148148
2018-01-23,2580,"3",23,0,74,14.5016808998259,0,14.5016808998259,10.6777777777778,75.7388888888889,0
2018-01-24,2581,"4",24,0,82,10.2650388794943,0,10.2650388794943,10.9722222222223,80.8944444444444,4.67407407407407
2018-01-25,2582,"5",25,0,95,6.41999060414499,0,6.41999060414499,9.97592592592594,76.7314814814815,0.87037037037037
2018-01-26,2583,"6",26,0,104,9.52447169380014,0,9.52447169380014,9.35185185185185,77.3944444444444,0
2018-01-27,2584,"7",27,0,88,9.95015981315551,0,9.95015981315551,10.8240740740741,66.3962962962963,0
2018-01-28,2585,"1",28,0,72,11.2720758491899,0,11.2720758491899,14.212962962963,62.012962962963,0
2018-01-29,2586,"2",29,0,106,15.4255033300656,0,15.4255033300656,12.8888888888889,71.7666666666667,0
2018-01-30,2587,"3",30,0,94,14.2453094797648,0,14.2453094797648,14.1666666666667,71.3944444444444,0
2018-01-31,2588,"4",31,0,97,10.5334711060724,0,10.5334711060724,14.3814814814815,66.6203703703704,0
2018-02-01,2589,"5",32,0,87,11.5295322305771,0,11.5295322305771,16.7777777777778,63.0055555555556,0
2018-02-02,2590,"6",33,0,74,14.0258067326022,0,14.0258067326022,17.1018518518518,64.4759259259259,0
2018-02-03,2591,"7",34,0,84,13.5977155057378,0,13.5977155057378,17.8962962962963,58.2259259259259,0
2018-02-04,2592,"1",35,0,77,12.9998538834071,0,12.9998538834071,17.8592592592593,57.1981481481481,0
2018-02-05,2593,"2",36,0,114,14.0697787024357,0,14.0697787024357,17.1425925925926,64.3925925925926,0
2018-02-06,2594,"3",37,0,71,11.2988433659158,0,11.2988433659158,17.6833333333334,59.2018518518519,0
2018-02-07,2595,"4",38,0,91,15.2686707262823,0,15.2686707262823,16.6074074074074,53.0574074074074,0
2018-02-08,2596,"5",39,0,86,13.7819487478259,0,13.7819487478259,17.312962962963,57.4648148148148,0
2018-02-09,2597,"6",40,0,61,13.2729307248872,0,13.2729307248872,17.6407407407407,61.45,0
2018-02-10,2598,"7",41,0,94,7.54682408332327,0,7.54682408332327,14.7240740740741,68.5425925925926,0
2018-02-11,2599,"1",42,0,97,6.85821398863557,0,6.85821398863557,10.6055555555556,78.6851851851852,0
2018-02-12,2600,"2",43,0,87,5.03466483729182,0,5.03466483729182,11.4833333333333,67.4537037037037,0
2018-02-13,2601,"3",44,0,72,5.12804500644666,0,5.12804500644666,12.3851851851852,52.5814814814815,0
2018-02-14,2602,"4",45,0,69,6.76067108270234,0,6.76067108270234,11.2259259259259,69.3148148148148,0
2018-02-15,2603,"5",46,0,73,7.02521132642271,0,7.02521132642271,12.2240740740741,67.6259259259259,0
2018-02-16,2604,"6",47,0,75,9.53205512832338,0,9.53205512832338,12.075925925926,70.1351851851852,0
2018-02-17,2605,"7",48,0,95,9.33440996991257,0,9.33440996991257,13.5425925925926,70.8148148148148,0
2018-02-18,2606,"1",49,0,90,6.4379153243764,0,6.4379153243764,10.9166666666667,71.6962962962963,0
2018-02-19,2607,"2",50,0,62,4.1316095780584,0,4.1316095780584,7.40555555555557,70.2351851851852,0
2018-02-20,2608,"3",51,0,72,4.18443729026439,0,4.18443729026439,6.60925925925926,62.1185185185185,0
2018-02-21,2609,"4",52,0,82,6.79504694014898,0,6.79504694014898,9.87962962962968,64.2907407407407,0
2018-02-22,2610,"5",53,0,56,5.1241165935231,0,5.1241165935231,9.27037037037042,69.5259259259259,0
2018-02-23,2611,"6",54,0,77,5.54336962756274,0,5.54336962756274,8.1314814814815,58.3222222222222,0
2018-02-24,2612,"7",55,0,62,6.92039332984954,0,6.92039332984954,8.91666666666669,69.3462962962963,0
2018-02-25,2613,"1",56,0,110,5.00287149043661,0,5.00287149043661,9.77407407407406,71.612962962963,0.955555555555556
2018-02-26,2614,"2",57,0,87,4.47331666956679,0,4.47331666956679,10.1796296296296,68.1018518518518,1.31481481481481
2018-02-27,2615,"3",58,0,77,4.6023219699357,0,4.6023219699357,9.48888888888894,60.1444444444444,0
2018-02-28,2616,"4",59,0,71,5.59210805559614,0,5.59210805559614,9.43888888888887,77.6166666666667,13.8777777777778
2018-03-01,2617,"5",60,0,61,4.26102886638203,0,4.26102886638203,11.7944444444445,71.8351851851852,11.3074074074074
2018-03-02,2618,"6",61,0,68,3.55309022280351,0,3.55309022280351,9.47407407407411,69.1240740740741,3.82962962962963
2018-03-03,2619,"7",62,0,68,4.4688157953177,0,4.4688157953177,8.64444444444445,72.3444444444444,14.3888888888889
2018-03-04,2620,"1",63,0,80,4.65996196556985,0,4.65996196556985,9.05370370370372,70.462962962963,2.62222222222222
2018-03-05,2621,"2",64,0,82,5.35320147261722,0,5.35320147261722,11.6722222222222,62.4407407407408,0.866666666666667
2018-03-06,2622,"3",65,0,72,6.23810446065959,0,6.23810446065959,13.7481481481482,58.0666666666667,0.396296296296296
2018-03-07,2623,"4",66,0,71,8.15866159188124,0,8.15866159188124,15.5,59.9574074074074,2.49259259259259
2018-03-08,2624,"5",67,0,86,5.17123794865937,0,5.17123794865937,14.5351851851852,72.8333333333333,1.29259259259259
2018-03-09,2625,"6",68,0,70,6.15222616140653,0,6.15222616140653,13.8685185185186,72.2148148148148,0
2018-03-10,2626,"7",69,0,79,6.99073261447581,0,6.99073261447581,12.1055555555556,81.3888888888889,0
2018-03-11,2627,"1",70,0,82,8.00208428346947,0,8.00208428346947,14.6907407407408,66.6888888888889,0
2018-03-12,2628,"2",71,0,74,6.24946066454226,0,6.24946066454226,15.6611111111112,66.9518518518519,4.04444444444444
2018-03-13,2629,"3",72,0,56,4.46666445024636,0,4.46666445024636,13.1981481481482,75.8185185185185,15.7814814814815
2018-03-14,2630,"4",73,0,52,3.33792723546731,0,3.33792723546731,10.1296296296297,75.4314814814815,2.86296296296296
2018-03-15,2631,"5",74,0,57,3.81197556390698,0,3.81197556390698,10.6611111111112,73,13.6592592592593
2018-03-16,2632,"6",75,0,54,4.2507804997779,0,4.2507804997779,10.7425925925926,66.2481481481481,4.37777777777778
2018-03-17,2633,"7",76,0,59,4.15677704101556,0,4.15677704101556,9.44814814814816,72.4,4.35925925925926
2018-03-18,2634,"1",77,0,47,6.47104566770217,0,6.47104566770217,9.35185185185185,73.0611111111111,0
2018-03-19,2635,"2",78,0,61,6.40239262140117,0,6.40239262140117,12.5037037037038,67.2222222222222,0
2018-03-20,2636,"3",79,0,47,5.21844339689836,0,5.21844339689836,13.325925925926,72.4518518518519,21.9407407407407
2018-03-21,2637,"4",80,0,62,4.62148103756153,0,4.62148103756153,16.1092592592593,63.2425925925926,14.3962962962963
2018-03-22,2638,"5",81,0,51,4.24680591316836,0,4.24680591316836,11.0518518518519,84.5222222222222,9.84814814814815
2018-03-23,2639,"6",82,0,58,4.89634850191274,0,4.89634850191274,11.0277777777778,65.4314814814815,1.73333333333333
2018-03-24,2640,"7",83,0,47,4.37847448518902,0,4.37847448518902,10.2962962962963,68.3166666666667,1.51481481481481
2018-03-25,2641,"1",84,0,59,3.93506059427038,0,3.93506059427038,10.9851851851852,68.1444444444444,0.837037037037037
2018-03-26,2642,"2",85,0,64,5.88415491432898,0,5.88415491432898,12.6962962962963,65.75,0
2018-03-27,2643,"3",86,0,42,7.70358494808725,0,7.70358494808725,15.062962962963,64.2185185185185,0
2018-03-28,2644,"4",87,0,61,9.71283268568921,0,9.71283268568921,17.3481481481482,62.6592592592593,0
2018-03-29,2645,"5",88,0,47,10.1226330363007,0,10.1226330363007,19.6240740740741,55.5092592592593,0
2018-03-30,2646,"6",89,0,44,10.3297945361137,0,10.3297945361137,19,55.7740740740741,0
2018-03-31,2647,"7",90,0,54,9.06111007810021,0,9.06111007810021,13.9277777777778,73.0018518518519,0
2018-04-01,2648,"1",91,0,55,8.27784482650931,0,8.27784482650931,14.312962962963,70.5833333333333,0
2018-04-02,2649,"2",92,0,58,7.91397379314237,0,7.91397379314237,12.7074074074075,78.9611111111111,0
2018-04-03,2650,"3",93,0,63,9.69074882947179,0,9.69074882947179,12.9148148148148,74.3925925925926,0
2018-04-04,2651,"4",94,0,55,9.48745057040606,0,9.48745057040606,13.6074074074074,70.5851851851852,0
2018-04-05,2652,"5",95,0,48,6.3170108618343,0,6.3170108618343,14.0425925925926,68.2740740740741,8.88888888888889
2018-04-06,2653,"6",96,0,48,4.55274925172833,0,4.55274925172833,14.8555555555556,72.1740740740741,48.7777777777778
2018-04-07,2654,"7",97,0,51,4.55367264993798,0,4.55367264993798,13.5425925925926,83.5222222222222,15.4444444444444
2018-04-08,2655,"1",98,0,43,6.78166411200243,0,6.78166411200243,13.3074074074074,71.9074074074074,0
2018-04-09,2656,"2",99,0,49,9.30396006140572,0,9.30396006140572,16.5592592592593,63.5833333333333,0
2018-04-10,2657,"3",100,0,35,6.48422654820822,0,6.48422654820822,14.162962962963,74.4574074074074,0
2018-04-11,2658,"4",101,0,34,5.83961305130121,0,5.83961305130121,12.5555555555555,76.55,4.42222222222222
2018-04-12,2659,"5",102,0,57,5.59553761797488,0,5.59553761797488,10.9722222222222,70.3777777777778,0
2018-04-13,2660,"6",103,0,41,7.59505628686282,0,7.59505628686282,12.6259259259259,69.7037037037037,0
2018-04-14,2661,"7",104,0,41,8.54840409978843,0,8.54840409978843,15.0055555555556,69.9037037037037,0
2018-04-15,2662,"1",105,0,54,5.79723451674702,0,5.79723451674702,12.6407407407407,77.1907407407408,4.21111111111111
2018-04-16,2663,"2",106,0,57,3.85975023630617,0,3.85975023630617,9.40740740740739,71.6277777777778,2.22222222222222
2018-04-17,2664,"3",107,0,48,6.05086504493305,0,6.05086504493305,10.9888888888889,71.7111111111111,0
2018-04-18,2665,"4",108,0,47,4.44206820945143,0,4.44206820945143,10.862962962963,77.5222222222222,0
2018-04-19,2666,"5",109,0,58,6.01809401598404,0,6.01809401598404,11.2759259259259,78.6740740740741,0
2018-04-20,2667,"6",110,0,40,9.90075425896701,0,9.90075425896701,13.7907407407408,73.1351851851852,0
2018-04-21,2668,"7",111,0,45,9.16381109005312,0,9.16381109005312,15.7814814814815,68.262962962963,0
2018-04-22,2669,"1",112,0,55,10.3460354259767,0,10.3460354259767,16.0666666666667,67.9185185185185,0
2018-04-23,2670,"2",113,0,61,11.3655574480196,0,11.3655574480196,16.1703703703704,66.8351851851852,0
2018-04-24,2671,"3",114,0,39,10.3499091541812,0,10.3499091541812,13.4351851851852,75.8481481481481,0
2018-04-25,2672,"4",115,0,39,9.94386962986495,0,9.94386962986495,13.5944444444444,70.9851851851852,0
2018-04-26,2673,"5",116,0,34,8.62654586852808,0,8.62654586852808,13.1685185185186,73.0388888888889,0
2018-04-27,2674,"6",117,0,44,6.22362958430604,0,6.22362958430604,14.687037037037,64.6388888888889,0
2018-04-28,2675,"7",118,0,46,7.09550440575653,0,7.09550440575653,14.1370370370371,68.9537037037037,0
2018-04-29,2676,"1",119,0,41,5.74677266593788,0,5.74677266593788,13.2166666666667,72.1259259259259,0
2018-04-30,2677,"2",120,0,55,6.16427097676204,0,6.16427097676204,11.825925925926,80.937037037037,0
2018-05-01,2678,"3",121,0,39,7.72719431721034,0,7.72719431721034,12.9,78.812962962963,0
2018-05-02,2679,"4",122,0,45,7.39530514241283,0,7.39530514241283,12.7,81.7907407407407,0
2018-05-03,2680,"5",123,0,36,6.93888975086508,0,6.93888975086508,12.6148148148148,80.4611111111111,0
2018-05-04,2681,"6",124,0,50,8.64305255759595,0,8.64305255759595,14.4907407407408,73.0796296296296,0
2018-05-05,2682,"7",125,0,39,7.15832482084635,0,7.15832482084635,12.6833333333334,81.8296296296296,0
2018-05-06,2683,"1",126,0,47,5.69575683782742,0,5.69575683782742,12.9611111111111,79.7851851851852,0
2018-05-07,2684,"2",127,0,48,7.51052976438864,0,7.51052976438864,14.2518518518518,77.9148148148148,0
2018-05-08,2685,"3",128,0,38,6.14733086590589,0,6.14733086590589,14.4388888888889,77.7462962962963,0
2018-05-09,2686,"4",129,0,43,5.82720200528066,0,5.82720200528066,13.9833333333333,79.8037037037037,0
2018-05-10,2687,"5",130,0,45,8.13567880134175,0,8.13567880134175,13.3907407407407,80.8685185185185,0
2018-05-11,2688,"6",131,0,38,9.3839479345132,0,9.3839479345132,15.687037037037,70.2425925925926,0
2018-05-12,2689,"7",132,0,48,6.51212880831834,0,6.51212880831834,16.1,65.1537037037037,0
2018-05-13,2690,"1",133,0,50,6.00695856953965,0,6.00695856953965,14.0555555555555,75.4296296296296,0
2018-05-14,2691,"2",134,0,52,5.57869723590187,0,5.57869723590187,13.6833333333334,75.1277777777778,0
2018-05-15,2692,"3",135,0,38,5.61629113662392,0,5.61629113662392,14.187037037037,73.0759259259259,0
2018-05-16,2693,"4",136,0,44,4.59271052500334,0,4.59271052500334,14.1703703703704,72.8574074074074,0
2018-05-17,2694,"5",137,0,45,5.65097033689788,0,5.65097033689788,13.7666666666667,77.3722222222222,0
2018-05-18,2695,"6",138,0,52,6.27621748116664,0,6.27621748116664,12.8444444444444,82.5814814814815,0
2018-05-19,2696,"7",139,0,41,6.58786411865606,0,6.58786411865606,13.3333333333334,77.4314814814815,0
2018-05-20,2697,"1",140,0,47,6.49472219475835,0,6.49472219475835,12.95,79.0407407407407,0
2018-05-21,2698,"2",141,0,44,7.31745572603651,0,7.31745572603651,13.512962962963,78.4722222222222,0
2018-05-22,2699,"3",142,0,46,5.28899370169863,0,5.28899370169863,12.4037037037037,85.5277777777778,0.937037037037037
2018-05-23,2700,"4",143,0,41,4.86069121848569,0,4.86069121848569,12.9777777777778,80.9814814814815,0.0555555555555556
2018-05-24,2701,"5",144,0,40,5.23487824460967,0,5.23487824460967,13.3,78.7722222222222,0
2018-05-25,2702,"6",145,0,34,4.15160372057108,0,4.15160372057108,13.7222222222222,78.5555555555556,0
2018-05-26,2703,"7",146,0,23,5.17647777014457,0,5.17647777014457,13.4351851851852,79.637037037037,0
2018-05-27,2704,"1",147,0,48,7.80165710556608,0,7.80165710556608,15.2425925925926,72.6814814814815,0
2018-05-28,2705,"2",148,0,52,10.6818394160444,0,10.6818394160444,18.9555555555556,62.9092592592593,0
2018-05-29,2706,"3",149,0,50,10.6877441830825,0,10.6877441830825,15.6277777777778,74.662962962963,0
2018-05-30,2707,"4",150,0,48,8.17112593975438,0,8.17112593975438,12.9851851851852,79.262962962963,0
2018-05-31,2708,"5",151,0,45,6.18761914844829,0,6.18761914844829,12.7018518518519,79.1722222222222,0
2018-06-01,2709,"6",152,0,41,6.97244399508279,0,6.97244399508279,15.1851851851852,72.5648148148148,0
2018-06-02,2710,"7",153,0,34,10.7039487327961,0,10.7039487327961,18.9740740740741,61.3666666666667,0
2018-06-03,2711,"1",154,0,39,9.88763082974409,0,9.88763082974409,16.7055555555556,69.3555555555556,0
2018-06-04,2712,"2",155,0,58,9.55428142383283,0,9.55428142383283,14.4851851851852,75.8222222222222,0
2018-06-05,2713,"3",156,0,41,8.1423359244699,0,8.1423359244699,13.5185185185185,76.8537037037037,0
2018-06-06,2714,"4",157,0,43,6.91359611069688,0,6.91359611069688,13.4611111111111,78.1277777777778,0
2018-06-07,2715,"5",158,0,36,7.60166722853179,0,7.60166722853179,14.0370370370371,76.6722222222222,0
2018-06-08,2716,"6",159,0,33,7.26269393490332,0,7.26269393490332,15.312962962963,73.6222222222222,0
2018-06-09,2717,"7",160,0,47,4.89930195823699,0,4.89930195823699,13.9740740740741,78.2759259259259,0
2018-06-10,2718,"1",161,0,42,5.36501354384245,0,5.36501354384245,14.1685185185186,70.0907407407408,0
2018-06-11,2719,"2",162,0,48,7.76257603246725,0,7.76257603246725,15.7574074074074,71.3425925925926,0
2018-06-12,2720,"3",163,0,34,10.1160280753074,0,10.1160280753074,16.9,67.9444444444444,0
2018-06-13,2721,"4",164,0,42,11.7340548310704,0,11.7340548310704,16.6518518518519,69.3407407407407,0
2018-06-14,2722,"5",165,0,37,7.57441981274808,0,7.57441981274808,15.2444444444445,72.8185185185185,0
2018-06-15,2723,"6",166,0,45,6.89889812095073,0,6.89889812095073,13.862962962963,79.3481481481481,0
2018-06-16,2724,"7",167,0,31,6.86111537958475,0,6.86111537958475,14.9018518518519,74.6,0
2018-06-17,2725,"1",168,0,35,6.24357965348861,0,6.24357965348861,15.5777777777778,71.0722222222222,0
2018-06-18,2726,"2",169,0,45,6.3655311273157,0,6.3655311273157,15.15,75.4314814814815,0
2018-06-19,2727,"3",170,0,30,6.25426710127137,0,6.25426710127137,14.325925925926,78.0518518518519,0
2018-06-20,2728,"4",171,0,32,6.23698527810585,0,6.23698527810585,13.4611111111111,81.5703703703704,0
2018-06-21,2729,"5",172,0,30,7.9382783486215,0,7.9382783486215,14.0185185185185,80.5703703703704,0
2018-06-22,2730,"6",173,0,34,9.66256448093941,0,9.66256448093941,17.8240740740741,66.8092592592593,0
2018-06-23,2731,"7",174,0,36,10.4220411240283,0,10.4220411240283,20.325925925926,58.9314814814815,0
2018-06-24,2732,"1",175,0,39,6.90106502816898,0.4527331777367,6.44833185043228,17.3944444444445,66.787037037037,0
2018-06-25,2733,"2",176,0,37,6.29790617783348,0,6.29790617783348,15.2740740740741,76.1518518518519,0
2018-06-26,2734,"3",177,0,34,8.20500178976507,0,8.20500178976507,14.3722222222223,76.2481481481481,0
2018-06-27,2735,"4",178,0,37,7.01522327888969,0,7.01522327888969,14.3870370370371,77.9537037037037,0
2018-06-28,2736,"5",179,0,30,8.20347840922411,0,8.20347840922411,14.7222222222223,76.0777777777778,0
2018-06-29,2737,"6",180,0,26,8.76529389435794,0,8.76529389435794,16.6666666666667,69.0925925925926,0
2018-06-30,2738,"7",181,0,27,11.8954044020727,4.06306326799254,7.8323411340802,18.1518518518519,65.5,0
2018-07-01,2739,"1",182,0,34,7.08496493498596,0.560992998179159,6.5239719368068,15.8203703703704,76.3555555555556,0
2018-07-02,2740,"2",183,0,49,4.75459269928451,0.546050167891551,4.20854253139296,14.7759259259259,80.8425925925926,0
2018-07-03,2741,"3",184,0,39,9.37188273858643,1.98468706219581,7.38719567639062,15.1222222222223,76.8555555555556,0
2018-07-04,2742,"4",185,0,22,6.70679123933569,0.312965473754296,6.39382576558139,14.7981481481481,78.5833333333333,0
2018-07-05,2743,"5",186,0,36,7.61618521379881,0.577231987985839,7.03895322581297,16.375925925926,69.9740740740741,0
2018-07-06,2744,"6",187,0,31,6.73909143459838,0,6.73909143459838,19.2925925925927,62.9259259259259,0
2018-07-07,2745,"7",188,0,31,8.63116057558299,1.49230044071702,7.13886013486596,17.3796296296297,70.7314814814815,0
2018-07-08,2746,"1",189,0,37,7.25040124277126,0.359928897742412,6.89047234502885,16.2277777777778,75.1333333333333,0
2018-07-09,2747,"2",190,0,39,7.21539404016477,0.268260984845742,6.94713305531903,17.9018518518519,70.8055555555556,0
2018-07-10,2748,"3",191,0,32,7.77757339851204,0,7.77757339851204,18.3462962962963,70.2481481481481,0
2018-07-11,2749,"4",192,0,34,6.20430839382632,0,6.20430839382632,16.3407407407408,77.9611111111111,0
2018-07-12,2750,"5",193,0,29,5.29583353256009,0,5.29583353256009,17.0833333333334,75.3481481481482,0
2018-07-13,2751,"6",194,0,25,5.40280777426647,0,5.40280777426647,17.0944444444444,78.7240740740741,0
2018-07-14,2752,"7",195,0,33,4.72485289886669,0,4.72485289886669,15.8240740740741,84.3666666666667,0
2018-07-15,2753,"1",196,0,29,5.22927531574839,0,5.22927531574839,15.2870370370371,83.1203703703704,0
2018-07-16,2754,"2",197,0,35,5.28026689960123,0,5.28026689960123,15.2259259259259,81.5981481481482,0
2018-07-17,2755,"3",198,0,30,5.77447055805609,0,5.77447055805609,15.5222222222222,79.6074074074074,0
2018-07-18,2756,"4",199,0,33,6.3980139643984,0.183653587255609,6.21436037714279,15.9537037037037,78.6833333333333,0
2018-07-19,2757,"5",200,0,32,6.8777173105262,0,6.8777173105262,16.8518518518518,77.3925925925926,0
2018-07-20,2758,"6",201,0,28,6.30631469164365,0,6.30631469164365,16.7481481481482,76.6740740740741,0
2018-07-21,2759,"7",202,0,28,7.47375355195374,0.61705483908544,6.8566987128683,17.9703703703703,73.5092592592593,0
2018-07-22,2760,"1",203,0,25,5.58070820564555,0.405711920397104,5.17499628524845,17.1111111111111,77.85,0
2018-07-23,2761,"2",204,0,31,5.88753324983742,0,5.88753324983742,16.6555555555556,78.65,0
2018-07-24,2762,"3",205,0,34,6.4340696132515,0,6.4340696132515,16.4592592592593,80.1462962962963,0
2018-07-25,2763,"4",206,0,28,8.37933537881634,1.04181571064759,7.33751966816875,16.6851851851852,79.3537037037037,0
2018-07-26,2764,"5",207,0,24,8.38996246916353,0.92528407196339,7.46467839720014,14.5888888888889,87.2740740740741,0
2018-07-27,2765,"6",208,0,29,6.06506836296607,0.244888653465976,5.8201797095001,14.175925925926,88.9574074074074,0
2018-07-28,2766,"7",209,0,24,7.46619604690948,0.719915763227322,6.74628028368215,14.1222222222223,88.3888888888889,0
2018-07-29,2767,"1",210,0,28,6.13615537098153,0.224690980661303,5.91146439032023,13.7462962962964,90.0611111111111,0
2018-07-30,2768,"2",211,0,33,8.00932736613404,0.991913304015632,7.01741406211841,14.162962962963,87.8037037037037,0
2018-07-31,2769,"3",212,0,35,6.76872684453816,0,6.76872684453816,14.2351851851852,87.3888888888889,0
2018-08-01,2770,"4",213,0,29,9.19484571055841,0,9.19484571055841,14.0388888888889,84.0574074074074,0
2018-08-02,2771,"5",214,0,39,9.52423686227853,0,9.52423686227853,14.5592592592593,81.65,0
2018-08-03,2772,"6",215,0,26,15.6435655736707,6.26246758963341,9.38109798403731,15.7,75.9462962962963,0
2018-08-04,2773,"7",216,0,42,10.0948534157246,0,10.0948534157246,16.8092592592593,72.3574074074074,0
2018-08-05,2774,"1",217,0,33,8.76580265998566,0,8.76580265998566,15.5370370370371,77.2925925925926,0
2018-08-06,2775,"2",218,0,34,12.5542890572074,2.23455473361092,10.3197343235965,16.3296296296297,75.1092592592593,0
2018-08-07,2776,"3",219,0,40,10.7458158350705,2.32638728940989,8.41942854566059,13.8777777777779,87.8537037037037,0
2018-08-08,2777,"4",220,0,32,17.5221008586501,8.43839370582758,9.08370715282251,15.325925925926,81.0111111111111,0
2018-08-09,2778,"5",221,0,32,16.5443997887081,7.21420075231124,9.33019903639683,17.3240740740741,73.1888888888889,0
2018-08-10,2779,"6",222,0,44,13.8246041673871,4.43030338116508,9.39430078622202,16.0055555555556,77.6814814814815,0
2018-08-11,2780,"7",223,0,42,11.5285981103347,2.22604477158544,9.30255333874923,17.4074074074074,70.9740740740741,0
2018-08-12,2781,"1",224,0,36,13.2184881678615,3.23266161978421,9.98582654807727,15.8981481481482,77.5,0
2018-08-13,2782,"2",225,0,40,11.5810197121413,1.20713124796307,10.3738884641782,15.0351851851852,81.6759259259259,0
2018-08-14,2783,"3",226,0,34,6.4182846206453,0,6.4182846206453,16.0259259259259,77.7314814814815,0
2018-08-15,2784,"4",227,0,31,14.1135438965969,5.045781933381,9.06776196321591,17.3,73.5222222222222,0
2018-08-16,2785,"5",228,0,33,10.8738211209192,0,10.8738211209192,16.5648148148148,77.6351851851852,0
2018-08-17,2786,"6",229,0,34,10.9349439041959,0,10.9349439041959,16.0592592592593,77.6592592592593,0
2018-08-18,2787,"7",230,0,39,14.5322847503362,4.65752877426827,9.87475597606789,15.7740740740741,75.9962962962963,0
2018-08-19,2788,"1",231,0,47,10.5871543174763,0,10.5871543174763,14.4722222222222,82.137037037037,0
2018-08-20,2789,"2",232,0,38,13.1665935709786,0.0371543644929715,13.1294392064856,15.125925925926,79.8407407407407,0
2018-08-21,2790,"3",233,0,38,12.7506714465216,4.29692318545093,8.4537482610707,15.6,78.5314814814815,0
2018-08-22,2791,"4",234,0,32,15.7247183607172,6.87904365757761,8.84567470313961,17.1481481481482,72.3166666666667,0
2018-08-23,2792,"5",235,0,32,23.3637090433857,13.7980550294603,9.56565401392544,16.7888888888889,74.8203703703704,0
2018-08-24,2793,"6",236,0,40,16.6051843068345,6.92609043286977,9.67909387396474,16.1574074074074,78.1407407407407,0
2018-08-25,2794,"7",237,0,29,15.0110654339962,5.40582636778067,9.60523906621548,15.4722222222222,79.4462962962963,0
2018-08-26,2795,"1",238,0,51,11.6727369982585,2.11156890165433,9.56116809660413,15.8925925925926,75.012962962963,0
2018-08-27,2796,"2",239,0,37,14.3574548430357,3.49036847494909,10.8670863680866,16.3537037037037,76.7074074074074,0
2018-08-28,2797,"3",240,0,38,11.7124227510064,3.98724141628546,7.72518133472097,15.7592592592593,81.9462962962963,0
2018-08-29,2798,"4",241,0,32,12.6825539017985,4.21127382420144,8.47128007759702,17.1925925925926,75.1296296296296,0
2018-08-30,2799,"5",242,0,30,13.5490477489634,4.11786060372945,9.43118714523392,17.0481481481482,75.0314814814815,0
2018-08-31,2800,"6",243,0,39,10.7005373212103,1.39325365212982,9.30728366908046,16.5314814814815,77.2277777777778,0
2018-09-01,2801,"7",244,0,38,14.3253690277379,5.77567837855375,8.54969064918413,14.4777777777778,85.6425925925926,0
2018-09-02,2802,"1",245,0,42,16.9274726679307,7.7615817946513,9.16589087327939,15.0074074074074,81.7611111111111,0
2018-09-03,2803,"2",246,0,52,17.4197917943273,7.61749568575749,9.8022961085698,15.6462962962963,77.6944444444444,0
2018-09-04,2804,"3",247,0,37,15.1886685850437,5.90620547270477,9.28246311233896,15.8925925925926,76.1666666666667,0
2018-09-05,2805,"4",248,0,38,10.0640016072323,0,10.0640016072323,14.6555555555556,80.3425925925926,0
2018-09-06,2806,"5",249,0,43,9.18379694257042,0,9.18379694257042,13.7981481481481,86.287037037037,0
2018-09-07,2807,"6",250,0,47,14.4985362266312,5.58629261653912,8.91224361009204,15.3333333333334,79.5518518518519,0
2018-09-08,2808,"7",251,0,40,8.00755144891344,0.35121899121138,7.65633245770206,16.4740740740741,75.8111111111111,0
2018-09-09,2809,"1",252,0,42,11.0818969388747,4.03545765549173,7.04643928338296,16.2574074074074,75.0037037037037,0
2018-09-10,2810,"2",253,0,47,9.27080840782036,0,9.27080840782036,17.0148148148148,73.1722222222222,0
2018-09-11,2811,"3",254,0,47,9.53655784777797,0,9.53655784777797,15.8166666666667,76.75,0
2018-09-12,2812,"4",255,0,55,7.43895590928285,0,7.43895590928285,15.838888888889,73.6981481481481,0
2018-09-13,2813,"5",256,0,38,6.75724195331319,0,6.75724195331319,16.1518518518519,71.9833333333333,0
2018-09-14,2814,"6",257,0,47,6.73439006723883,0,6.73439006723883,15.5,74.1351851851852,0
2018-09-15,2815,"7",258,0,36,7.57752045943127,0,7.57752045943127,14.7222222222223,77.887037037037,0
2018-09-16,2816,"1",259,0,36,5.96249127479273,0,5.96249127479273,15.7111111111111,73.3148148148148,0
2018-09-17,2817,"2",260,0,47,8.58449723498114,0,8.58449723498114,15.3222222222223,75.7685185185185,0
2018-09-18,2818,"3",261,0,47,8.42392732700575,0,8.42392732700575,13.9648148148149,83.3555555555556,0
2018-09-19,2819,"4",262,0,40,11.5811573778728,3.66369885236383,7.91745852550896,15.8666666666667,74.6055555555556,0
2018-09-20,2820,"5",263,0,53,10.2705840376745,0,10.2705840376745,19.1314814814815,62.8222222222222,0
2018-09-21,2821,"6",264,0,38,10.8025786794117,0,10.8025786794117,15.1907407407408,77.1351851851852,0
2018-09-22,2822,"7",265,0,44,10.4685288788984,0,10.4685288788984,13.5037037037038,85.7648148148148,0
2018-09-23,2823,"1",266,0,38,8.96883194047627,0,8.96883194047627,13.5611111111111,82.8592592592593,0
2018-09-24,2824,"2",267,0,45,10.8105598124065,0,10.8105598124065,14.6111111111111,75.4759259259259,0
2018-09-25,2825,"3",268,0,46,11.3007291808013,0,11.3007291808013,14.3796296296297,72.5240740740741,0
2018-09-26,2826,"4",269,0,30,10.9434698729662,0,10.9434698729662,15.1703703703704,68.9222222222222,0
2018-09-27,2827,"5",270,0,32,9.24130255841079,0,9.24130255841079,13.65,78.2592592592593,0
2018-09-28,2828,"6",271,0,45,9.15381275462672,0,9.15381275462672,15.4685185185185,75.2592592592593,0
2018-09-29,2829,"7",272,0,46,7.12414230047647,0,7.12414230047647,16.5833333333334,74.7185185185185,0
2018-09-30,2830,"1",273,0,49,7.18295312409485,0,7.18295312409485,18.4666666666667,68.1481481481482,0
2018-10-01,2831,"2",274,0,47,5.99843371895626,0,5.99843371895626,18.8888888888889,67.1074074074074,5.31481481481481
2018-10-02,2832,"3",275,0,43,6.32897262998891,0,6.32897262998891,20.4666666666667,62.7092592592593,3.04444444444444
2018-10-03,2833,"4",276,0,36,6.34913242443548,0,6.34913242443548,19.4981481481482,66.5555555555556,0
2018-10-04,2834,"5",277,0,47,4.80495843771256,0,4.80495843771256,17.0685185185185,75.3833333333333,0
2018-10-05,2835,"6",278,0,55,6.0389010783879,0,6.0389010783879,16.9240740740741,69.0185185185185,0
2018-10-06,2836,"7",279,0,36,4.92078800723291,0,4.92078800723291,17.6796296296296,69.4148148148148,0
2018-10-07,2837,"1",280,0,49,5.96733491324052,0,5.96733491324052,20.4925925925926,52.1962962962963,0
2018-10-08,2838,"2",281,0,51,6.10625608676434,0,6.10625608676434,19.6037037037037,61.0537037037037,0
2018-10-09,2839,"3",282,0,33,8.68400414510466,0,8.68400414510466,17.0888888888889,70.5685185185185,0
2018-10-10,2840,"4",283,0,37,7.55468081082402,0,7.55468081082402,15.162962962963,77.0666666666667,0
2018-10-11,2841,"5",284,0,33,7.21470624790632,0,7.21470624790632,15.8018518518519,71.8648148148148,0
2018-10-12,2842,"6",285,0,44,9.27052734885169,0,9.27052734885169,18.5055555555556,59.5185185185185,0
2018-10-13,2843,"7",286,0,24,10.4570337811351,0,10.4570337811351,15.4462962962963,71.9777777777778,0
2018-10-14,2844,"1",287,0,53,9.94229017597154,0,9.94229017597154,17.0259259259259,60.4888888888889,0
2018-10-15,2845,"2",288,0,53,6.91811397584919,0,6.91811397584919,18.7,51.4611111111111,0
2018-10-16,2846,"3",289,0,38,10.6272527130716,0,10.6272527130716,16.5148148148148,61.5018518518519,0
2018-10-17,2847,"4",290,0,37,10.915888476694,0,10.915888476694,15.1037037037037,70.9796296296296,0
2018-10-18,2848,"5",291,0,43,10.2201487092664,0,10.2201487092664,15.4018518518519,68.2222222222222,0
2018-10-19,2849,"6",292,0,42,10.6999186509252,0,10.6999186509252,17.1296296296297,64.8592592592593,0
2018-10-20,2850,"7",293,0,39,10.9953563551714,0,10.9953563551714,15.1722222222222,71.6111111111111,0
2018-10-21,2851,"1",294,0,32,10.3912094162013,0,10.3912094162013,14.1425925925926,74.35,0
2018-10-22,2852,"2",295,0,49,10.0518579924501,0,10.0518579924501,13.5277777777778,78.6796296296296,0
2018-10-23,2853,"3",296,0,42,9.2262281011144,0,9.2262281011144,13.8,77.4259259259259,0
2018-10-24,2854,"4",297,0,29,6.58650655133353,0,6.58650655133353,15.9407407407408,72.2074074074074,0
2018-10-25,2855,"5",298,0,35,8.26297741081069,0,8.26297741081069,16.5777777777778,69.5537037037037,0
2018-10-26,2856,"6",299,0,49,9.67582577634743,0,9.67582577634743,17.437037037037,73.25,0
2018-10-27,2857,"7",300,0,38,7.71579363057939,0,7.71579363057939,16.3222222222222,79.312962962963,0
2018-10-28,2858,"1",301,0,50,5.12943166985595,0,5.12943166985595,16.3037037037037,78.3425925925926,0
2018-10-29,2859,"2",302,0,32,5.36411504610252,0,5.36411504610252,14.3833333333333,77.8351851851852,0
2018-10-30,2860,"3",303,0,54,6.553341438165,0,6.553341438165,14.25,73.8074074074074,0
2018-10-31,2861,"4",304,0,39,8.40076288144261,0,8.40076288144261,17.3000000000001,62.5148148148148,0
2018-11-01,2862,"5",305,0,34,12.0381805493279,0,12.0381805493279,20.7666666666667,54.8185185185185,0
2018-11-02,2863,"6",306,0,40,9.15855442763857,0,9.15855442763857,18.5703703703704,61.2611111111111,0
2018-11-03,2864,"7",307,0,45,10.6844978158194,0,10.6844978158194,19.1907407407408,56.4,0
2018-11-04,2865,"1",308,0,49,9.81083433785563,0,9.81083433785563,16.0092592592593,65.0925925925926,0
2018-11-05,2866,"2",309,0,42,8.60301017890142,0,8.60301017890142,16.2870370370371,65.6444444444444,0
2018-11-06,2867,"3",310,0,43,11.6609327480084,0,11.6609327480084,16.6592592592593,58.4296296296296,0
2018-11-07,2868,"4",311,0,49,10.4584664032896,0,10.4584664032896,16.85,58.2944444444445,0
2018-11-08,2869,"5",312,0,44,15.9653663316476,6.91049780229052,9.05486852935712,16.0611111111111,51.8851851851852,0
2018-11-09,2870,"6",313,1,63,53.7749476366557,45.4497404314753,8.32520720518044,13.3166666666667,49.75,0
2018-11-10,2871,"7",314,1,58,84.4163702646586,74.9802854475626,9.43608481709606,12.4814814814815,57.012962962963,0
2018-11-11,2872,"1",315,1,68,65.1295172704961,55.8789002628846,9.25061700761142,13.9240740740741,53.5166666666667,0
2018-11-12,2873,"2",316,1,73,68.9894037264855,59.4556460119603,9.53375771452517,13.9148148148148,46.6333333333333,0
2018-11-13,2874,"3",317,1,54,83.1569588758869,73.6147148596525,9.54224401623442,13.2111111111111,54.6777777777778,0
2018-11-14,2875,"4",318,1,63,70.2263552066497,61.4755618716368,8.7507933350129,13.312962962963,57.0388888888889,0
2018-11-15,2876,"5",319,1,44,100.254004694084,91.8232764329506,8.43072826113297,12.8796296296297,62.9703703703704,0
2018-11-16,2877,"6",320,1,67,105.782956255885,97.7392237217756,8.04373253410915,12.6981481481482,63.7296296296296,0
2018-11-17,2878,"7",321,1,59,77.8631917447625,69.0756793900989,8.78751235466362,12.0888888888889,67.4259259259259,0
2018-11-18,2879,"1",322,1,62,70.1228329563052,61.3312187734015,8.7916141829037,11.9518518518519,70.5277777777778,0
2018-11-19,2880,"2",323,1,61,75.3864698045682,66.2303604479122,9.15610935665596,13.3240740740741,65.3240740740741,0
2018-11-20,2881,"3",324,1,66,51.7942592393235,42.9030173126721,8.89124192665141,13.5425925925927,68.8407407407408,1.2
2018-11-21,2882,"4",325,0,48,7.08753069962018,0,7.08753069962018,14.9722222222223,67.6092592592593,36.0703703703704
2018-11-22,2883,"5",326,0,46,3.90232218968397,0,3.90232218968397,15.062962962963,67.9518518518519,27.8481481481481
2018-11-23,2884,"6",327,0,50,3.64163236179109,0,3.64163236179109,14.9740740740741,76.4388888888889,17.0333333333333
2018-11-24,2885,"7",328,0,51,5.54336706379547,0,5.54336706379547,13.4388888888889,84.3277777777778,0
2018-11-25,2886,"1",329,0,65,7.14273476763149,0,7.14273476763149,13.6777777777778,76.4148148148148,0
2018-11-26,2887,"2",330,0,64,12.0170368846349,0,12.0170368846349,13.95,74.9277777777778,0
2018-11-27,2888,"3",331,0,59,6.49138991912613,0,6.49138991912613,13.4870370370371,85.1925925925926,28.0777777777778
2018-11-28,2889,"4",332,0,46,5.56345951330845,0,5.56345951330845,15.9333333333334,71.0907407407407,28.8814814814815
2018-11-29,2890,"5",333,0,53,5.20955508369786,0,5.20955508369786,14.3703703703704,66.9814814814815,0.966666666666667
2018-11-30,2891,"6",334,0,51,5.13866492309569,0,5.13866492309569,12.95,72.7740740740741,5.11851851851852
2018-12-01,2892,"7",335,0,58,4.58044633788262,0,4.58044633788262,11.6092592592593,73.9611111111111,2.64814814814815
2018-12-02,2893,"1",336,0,53,6.56154835282386,0,6.56154835282386,10.0981481481482,71.9333333333333,0
2018-12-03,2894,"2",337,0,54,6.59280452310037,0,6.59280452310037,11.6296296296297,58.437037037037,0
2018-12-04,2895,"3",338,0,44,6.61924724720159,0,6.61924724720159,11.1814814814815,69.4518518518519,6.91111111111111
2018-12-05,2896,"4",339,0,39,5.14695714772751,0,5.14695714772751,12.0240740740741,67.3444444444444,2.02962962962963
2018-12-06,2897,"5",340,0,37,6.72990951432178,0,6.72990951432178,12.9685185185185,65.6388888888889,0
2018-12-07,2898,"6",341,0,55,12.2801225533788,0,12.2801225533788,12.312962962963,71.1314814814815,0
2018-12-08,2899,"7",342,0,54,14.395110812,0,14.395110812,11.6370370370371,74.4925925925926,0
2018-12-09,2900,"1",343,0,65,15.1219252371847,0,15.1219252371847,9.60555555555561,86.1759259259259,0.222222222222222
2018-12-10,2901,"2",344,0,57,11.2839385366842,0,11.2839385366842,10.8611111111111,82.1,0
2018-12-11,2902,"3",345,0,60,9.51215763017778,0,9.51215763017778,11.7740740740741,72.3592592592593,0
2018-12-12,2903,"4",346,0,64,8.13365291205377,0,8.13365291205377,12.5944444444444,74.6444444444444,0
2018-12-13,2904,"5",347,0,57,17.1066102445395,0,17.1066102445395,12.4333333333333,63.612962962963,0
2018-12-14,2905,"6",348,0,56,10.9156697581461,0,10.9156697581461,13.3055555555555,72.1981481481481,0.981481481481482
2018-12-15,2906,"7",349,0,59,9.59681859562267,0,9.59681859562267,14.1222222222223,72.9833333333333,0.0444444444444445
2018-12-16,2907,"1",350,0,52,5.12248523083767,0,5.12248523083767,14.2814814814815,75.6240740740741,20.2074074074074
2018-12-17,2908,"2",351,0,60,8.15934633834238,0,8.15934633834238,12.5222222222222,75.8388888888889,0
2018-12-18,2909,"3",352,0,67,8.96232730115885,0,8.96232730115885,13.0962962962963,76.9444444444445,0.0333333333333333
2018-12-19,2910,"4",353,0,63,12.9083950163855,0,12.9083950163855,12.75,81.2222222222222,0
2018-12-20,2911,"5",354,0,60,14.0874898909154,0,14.0874898909154,10.9296296296296,88.0351851851852,2.02592592592593
2018-12-21,2912,"6",355,0,53,7.69297679430773,0,7.69297679430773,12.1722222222222,82.2833333333333,2.7
2018-12-22,2913,"7",356,0,68,10.0527009880319,0,10.0527009880319,11.1981481481482,72.5907407407407,0
2018-12-23,2914,"1",357,0,76,10.0804521974087,0,10.0804521974087,12.2925925925927,68.3222222222222,0.807407407407407
2018-12-24,2915,"2",358,0,83,5.28798668704167,0,5.28798668704167,13.262962962963,76.4555555555556,12.4111111111111
2018-12-25,2916,"3",359,0,80,4.92168000658085,0,4.92168000658085,12.6537037037037,69.812962962963,0
2018-12-26,2917,"4",360,0,77,6.46728225418643,0,6.46728225418643,11.9648148148149,67.5037037037037,0
2018-12-27,2918,"5",361,0,71,4.23032297421943,0,4.23032297421943,13.2574074074074,54.7259259259259,0
2018-12-28,2919,"6",362,0,79,5.33684832884,0,5.33684832884,11.2851851851852,47.8833333333333,0
2018-12-29,2920,"7",363,0,73,13.8164255990381,0,13.8164255990381,11.4018518518519,59.1277777777778,0
2018-12-30,2921,"1",364,0,85,8.19671371431943,0,8.19671371431943,11.9666666666667,75.437037037037,0
2018-12-31,2922,"2",365,0,64,7.74860532852853,0,7.74860532852853,10.5537037037037,80.1092592592593,0
